crowd_density_norm,facial_discomfort_prob,audio_overload_score,physio_stress_prob,visual_confusion_prob
0.0599153694381407,0.46002078,0.5249618748515786,0.6884120792312154,0.9960068464279176
0.0599153694381407,0.46002078,0.6061470301559895,0.5836916755321553,0.9959976077079772
0.0599153694381407,0.46002078,0.5076865213482961,0.5383391619375311,0.9959899187088012
0.0599153694381407,0.46002078,0.5947846561968616,0.5973780593510171,0.9959783554077148
0.0599153694381407,0.46002078,0.6063236936428894,0.4580491746809911,0.995971143245697
0.0599153694381407,0.46002078,0.5314446065225639,0.0224090900068432,0.995962619781494
0.0599153694381407,0.46002078,0.6763287588558569,0.0252415213939789,0.9959612488746644
0.0599153694381407,0.46002078,0.8681609294682687,0.1477352949854069,0.9959628582000732
0.0599153694381407,0.46002078,0.6182746035773163,0.0380885163872916,0.9959605932235718
0.0599153694381407,0.46002078,0.5664821804326492,0.0139014072992452,0.9959605932235718
0.0599153694381407,0.46002078,0.3868889817389572,0.0263764225425068,0.9959545135498048
0.0599153694381407,0.46002078,0.5033522373203595,0.0116784376556106,0.995954155921936
0.0599153694381407,0.46002078,0.9570864919623092,0.0481834477652473,0.9959561228752136
0.0599153694381407,0.46002078,0.9601750194408168,0.0204023497606679,0.9959503412246704
0.0599153694381407,0.46002078,0.4832134724174921,0.0343369933089239,0.9959489107131958
0.0599153694381407,0.46002078,0.4982442769443112,0.023444575031103,0.9959498047828674
0.0599153694381407,0.46002078,0.6497219126038544,0.2062094433277928,0.995944619178772
0.0599153694381407,0.46002078,0.5766390693642962,0.3675643448445632,0.9959349632263184
0.0599153694381407,0.46002078,0.4993670297574574,0.100007930496848,0.9959266781806946
0.0599153694381407,0.46002078,0.4608878314149477,0.0365949659667288,0.9959187507629396
0.0599153694381407,0.46002078,0.449803168647486,0.0609467549479479,0.9959093928337096
0.0599153694381407,0.46002078,0.4995779616604,0.0342379119685459,0.9959060549736024
0.0599153694381407,0.46002078,0.4695689501191907,0.0354251925476433,0.9959006905555724
0.0599153694381407,0.46002078,0.6497618418161664,0.2966597656500399,0.9958969354629515
0.0599153694381407,0.46002078,0.6895292356350182,0.0150217251595349,0.995896577835083
0.0599153694381407,0.46002078,0.6563450597246061,0.0173256226823741,0.9958913922309875
0.0599153694381407,0.46002078,0.6127986796209826,0.0138204992678943,0.9958890080451964
0.0599153694381407,0.46002078,0.6976962783489911,0.0514054616462322,0.9958874583244324
0.0599153694381407,0.46002078,0.5393747164842353,0.0190670511719641,0.995886206626892
0.0599153694381407,0.46002078,0.5439935449279801,0.0102607140637384,0.9958817958831788
0.0599153694381407,0.46002078,0.648359520196391,0.011561380452887,0.9958840012550354
0.0575843645253632,0.46002078,0.5654963414303894,0.0115624226753788,0.9958873987197876
0.0534403557915365,0.46002078,0.4775370583311541,0.0081511242895064,0.9958937764167786
0.0413536806647502,0.46002078,0.5399800806379063,0.0072674292413379,0.9958946108818054
0.02892167487952,0.46002078,0.5468235442320918,0.0203112958940212,0.9959015250205994
0.0178710070402528,0.46002078,0.5532904904953285,0.0246143846003163,0.9959034323692322
0.0131226722061805,0.46002078,0.5677344196779472,0.0134696046153148,0.995907187461853
0.0118276745809221,0.46002078,0.5952143446352238,0.0670018638176527,0.9959113597869872
0.0118276745809221,0.46002078,0.5030160777258288,0.0141828387337479,0.9959174394607544
0.0135543431853291,0.46002078,0.6099909357762954,0.0643163317701191,0.9959255456924438
0.0164033542938974,0.46002078,0.540148445156774,0.0571270577576906,0.995940327644348
0.0212380192405494,0.46002078,0.5139305153243184,0.0099489298632949,0.9959464073181152
0.0212380192405494,0.46002078,0.6635646062481102,0.0250493654654328,0.9959595203399658
0.0202020170570928,0.46002078,0.6754058696844595,0.0140194523479196,0.9959757924079896
0.0219286856614997,0.46002078,0.5458568188754725,0.0222789557663263,0.996004045009613
0.0246913564493634,0.46002078,0.667487686756067,0.0209422226563412,0.9960250854492188
0.0246913564493634,0.46002078,0.5765628093788111,0.0221925198806487,0.9960405230522156
0.0199430165112286,0.46002078,0.5485244385430633,0.0090250433283065,0.9960623383522034
0.0191660148736361,0.46002078,0.6235612867236342,0.0125207789897458,0.9961000680923462
0.0199430165112286,0.46002078,0.5384219516934536,0.0379932333701792,0.9961377382278442
0.0199430165112286,0.46002078,0.5633764031917962,0.0120959253663089,0.9961612224578856
0.0213243544571917,0.46002078,0.53065425622965,0.0104132071152778,0.996178925037384
0.020633672724054,0.46002078,0.5471488447772572,0.0077128350218455,0.9962217211723328
0.0185616683571406,0.46002078,0.5574809022960836,0.0102671370576033,0.9962584376335144
0.0155400072315377,0.46002078,0.7089875398876415,0.0407579984712926,0.9962669014930724
0.0155400072315377,0.46002078,0.5807152934229974,0.0313044620168796,0.9962806701660156
0.019684010861302,0.46002078,0.5932761484495813,0.0232084370680257,0.9962868094444276
0.0186480086778453,0.46002078,0.4485600870485541,0.010908194352653,0.9962116479873656
0.0233963537200425,0.46002078,0.613350480665926,0.0090413804085933,0.9961764812469482
0.0238280144910662,0.46002078,0.4640848385409299,0.0201275612864448,0.9961024522781372
0.0272813619080051,0.46002078,0.4519225561667554,0.0280748338223604,0.9959561228752136
0.0307346940127565,0.46002078,0.6251455144702049,0.0112984477320142,0.995913028717041
0.0309936843504958,0.46002078,0.6319090120014152,0.0187065824965343,0.9958101511001588
0.0309936843504958,0.46002078,0.664319649420213,0.0174727296677016,0.99576073884964
0.0291806805294466,0.46002078,0.6308941902541845,0.0089716520674152,0.995741605758667
0.0281446783459899,0.46002078,0.6180819226963649,0.0392207903079705,0.995763063430786
0.0281446783459899,0.46002078,0.6344492193704355,0.0106973911868837,0.9957731366157532
0.0240006798202882,0.46002078,0.6367778847110458,0.0068319347424372,0.9957842826843262
0.0219286805574373,0.46002078,0.6514867515778862,0.0071910912335105,0.9958000779151917
0.0189069939115221,0.46002078,0.5223807325420864,0.0061358319568865,0.9958229064941406
0.0154536618067706,0.46002078,0.5895440788866836,0.0065678065368825,0.9958454966545104
0.009841995222526,0.46002078,0.2280848188329969,0.0083300561955418,0.9958811402320862
0.0106189968601185,0.46002078,0.4934049689891254,0.0088968065283661,0.9959123730659484
0.0110506678392671,0.46002078,0.5150191396592081,0.0042790296620731,0.9959271550178528
0.0093239941307977,0.46002078,0.5324139347399524,0.0054562085029074,0.9959247708320618
0.0075973306304532,0.46002078,0.5285674039410775,0.0043884137484568,0.9959160089492798
0.0041439985257017,0.46002078,0.4433903999371978,0.0037595307084432,0.9958980679512024
0.0041439985257017,0.46002078,0.8439128188476226,0.0060165524940236,0.9958741068840028
0.0028489983484121,0.46002078,0.4547149527784313,0.0061630822752141,0.995873212814331
0.00077699653353,0.46002078,0.4979784846073422,0.0042431083968596,0.9958581924438475
0.0063886707738683,0.46002078,0.7741357145981735,0.0057966137400015,0.9958471059799194
0.0188206893192547,0.46002078,0.7538093823744474,0.0081881203859374,0.9958477020263672
0.0356556992801133,0.46002078,0.4624562946646165,0.0061799175424607,0.9958487153053284
0.0549943998992213,0.46002078,0.4957001442890033,0.003618830791725,0.9958556294441224
0.0743330801020794,0.46002078,0.3704516042806433,0.0212818676620267,0.9958624839782716
0.1085210909074,0.46002078,0.3766310751029266,0.0082466149173259,0.9958656430244446
0.1250971156345819,0.46002078,0.731461084490104,0.0258401904364863,0.9958685636520386
0.1592851672724023,0.46002078,0.4394902130283298,0.0190637691614357,0.9958842992782592
0.1882932079929393,0.46002078,0.480238671767438,0.0340242787033443,0.9959018230438232
0.2220495988597361,0.46002078,0.6098535514511695,0.0070103115595447,0.9959130883216858
0.2596046371775408,0.46002078,0.5645723331486807,0.0084584545880982,0.9959270358085632
0.289907639794899,0.46002078,0.257797407235421,0.0303203683769047,0.9959433674812316
0.3240956710164695,0.46002078,0.6196780334578611,0.0097876572181761,0.9959557056427002
0.3549166951418058,0.46002078,0.7458101844956674,0.0262973800733023,0.9959421157836914
0.3857376376021427,0.46002078,0.6108166834477742,0.0143759040526153,0.9959110021591188
0.3999827084571717,0.46002078,0.6087270256242165,0.0168889556928277,0.9958943724632264
0.4078390447375515,0.46002078,0.5745252889725975,0.0137977930260978,0.995881736278534
0.4091340882993721,0.46002078,0.5218169019359025,0.0088896641245549,0.9958758354187012
0.4093930071802368,0.46002078,0.5990908203020808,0.0091746829236552,0.9958619475364684
0.4096520485586007,0.46002078,0.5523680877082596,0.0111482918529063,0.9958510994911194
0.4089613668254631,0.46002078,0.5836236639244902,0.0091537572246813,0.9958468079566956
0.4097383276305558,0.46002078,0.2709663542323711,0.006512195225225,0.9958465099334716
0.4076663232636425,0.46002078,0.5289031010732459,0.0584784154858304,0.9958451390266418
0.4069757231955043,0.46002078,0.5274764379265754,0.0157334947852331,0.9958444833755492
0.4059397210120476,0.46002078,0.4666211494226445,0.0134636421797354,0.9958532452583312
0.4049037188285909,0.46002078,0.254132196943624,0.0042355479784198,0.995858073234558
0.4062850414623665,0.46002078,0.5258111425279878,0.0055222123990443,0.995858073234558
0.4125010545631066,0.46002078,0.5294984244931531,0.0038073264401356,0.995859920978546
0.4210480317441245,0.46002078,0.5309118453186926,0.0034113196584786,0.9958488941192628
0.4223429936409456,0.46002078,0.5341547744182307,0.0056857276844034,0.9958529472351074
0.4156953401854317,0.46002078,0.5228880231105905,0.0025116576890118,0.9958611130714417
0.4018819913501759,0.46002078,0.5987940629033575,0.0196795806135812,0.9958593249320984
0.3880686425149202,0.46002078,0.6454241228878346,0.0053478051863429,0.995854377746582
0.3741689737752096,0.46002078,0.6152268674242805,0.0041340255465486,0.9958543181419371
0.365190356239418,0.46002078,0.5591929996391627,0.0046205830927521,0.9958614110946656
0.3348872923733103,0.46002078,0.6690366106553199,0.0125534433819972,0.9958651065826416
0.3158939326207711,0.46002078,0.2442029001068477,0.7073834450788412,0.9958705306053162
0.2827418831664074,0.46002078,0.6245589125449442,0.7560545275657796,0.995877206325531
0.2485538519448369,0.46002078,0.5351241397840567,0.4358074723780911,0.9958854913711548
0.2195458316405497,0.46002078,0.6772478260956405,0.653961326733284,0.9958897233009338
0.1799187889558317,0.46002078,0.5287455309655343,0.6642913146600451,0.9958784580230712
0.1461624389215346,0.46002078,0.4979667398198217,0.697325101395418,0.9958673715591432
0.1119744076999641,0.46002078,0.6814339451108766,0.7391858033171314,0.9958412647247314
0.0839160798828037,0.46002078,0.5234907075729097,0.2943409816215491,0.995826780796051
0.0530950353412175,0.46002078,0.5671382754377191,0.7012547385471928,0.9958162307739258
0.0388500257349381,0.46002078,0.5519422028940426,0.7598225736023314,0.9958174228668212
0.0309936894545582,0.46002078,0.2136167383999634,0.9894432116110314,0.9958038330078124
0.0309936894545582,0.46002078,0.5798781191709347,0.991508446165828,0.9957799315452576
0.0314253553296444,0.46002078,0.6733849447261379,0.99228414915454,0.9957685470581056
0.0380730292014081,0.46002078,0.6783337405090907,0.9564134128986712,0.9957640171051024
0.0435120355604932,0.46002078,0.6447989069329851,0.9410379173897184,0.995753526687622
0.0468790426567274,0.46002078,0.6495973454000932,0.9880565890914604,0.995735764503479
0.0475697090776776,0.46002078,0.7424679383496652,0.9715637530614506,0.9957202076911926
0.0517137127074419,0.46002078,0.6716184830938859,0.9856206413626482,0.9957175850868224
0.0527496944746487,0.46002078,0.6598707124685489,0.9673139752392352,0.9957202076911926
0.0555123805746997,0.46002078,0.576277671216917,0.5700126271453564,0.995725691318512
0.0575843849416131,0.46002078,0.5461941682924134,0.6768016878302404,0.995733678340912
0.0548217192578119,0.46002078,0.5506316023916212,0.9934800345940084,0.9957336187362672
0.0492963827861471,0.46002078,0.5530800698523307,0.971763913591702,0.9957178831100464
0.0500733895278021,0.46002078,0.6016350122326912,0.7181043890484602,0.9957091808319092
0.0746784209686482,0.46002078,0.5785159092116373,0.9886953620713338,0.99569970369339
0.0843477610700773,0.46002078,0.5102717551026217,0.9760300396946168,0.9956950545310974
0.0815850647619013,0.46002078,0.5370232880155471,0.8786905874364416,0.9956957697868348
0.0768367350318914,0.46002078,0.5509803089175195,0.9376358220708711,0.9957008361816406
0.0694983998432399,0.46002078,0.5460312962067122,0.9662937637297162,0.995705246925354
0.066045052426301,0.46002078,0.5747220326062235,0.9830000392276,0.9957129955291748
0.0671673949304624,0.46002078,0.572098679972919,0.9691886145278024,0.9957156181335448
0.078218067873792,0.46002078,0.5706586335407791,0.9383541861184068,0.9957101941108704
0.0809807437657181,0.46002078,0.2607414061690178,0.9576204416171052,0.9957050085067748
0.0768367452400164,0.46002078,0.2425887383392819,0.9936359960137304,0.9956974983215332
0.0768367350318914,0.46002078,0.6240613104540612,0.9933140613463254,0.9956974387168884
0.078218067873792,0.46002078,0.5933097121249303,0.9825154228378264,0.9956984519958496
0.0809807335575932,0.46002078,0.497114308644086,0.9912145145731952,0.9956938028335572
0.0800310716948412,0.46002078,0.4070972023834655,0.976513185282636,0.9956812858581544
0.0810670738782979,0.46002078,0.4844958774688394,0.938500011081134,0.9956775903701782
0.0810670738782979,0.46002078,0.4958196312458313,0.9793666960261512,0.995680034160614
0.0824484067201985,0.46002078,0.4981399699617291,0.988992753403348,0.9956785440444946
0.084175070220543,0.46002078,0.4914401633442594,0.9939904686707336,0.9957016110420228
0.0855564030624436,0.46002078,0.541932877093865,0.7481632994853838,0.9957156777381896
0.0799447415822615,0.46002078,0.4677537044229324,0.4812503605639537,0.995729684829712
0.0799447313741365,0.46002078,0.4908953148839454,0.8694391646687041,0.9957339763641356
0.0747647306649781,0.46002078,0.5036665468125945,0.8905572093143989,0.9957627654075624
0.0770957253696307,0.46002078,0.2420736302752601,0.7380761667698039,0.9957696795463562
0.072951716635804,0.46002078,0.4954828173682473,0.7308824717010969,0.995783507823944
0.0716567139064831,0.46002078,0.2972280458189971,0.6184641266145935,0.995789349079132
0.0686350374686929,0.46002078,0.2814716450159067,0.6257606769928667,0.9958054423332214
0.064491049151116,0.46002078,0.4758182351783034,0.5433636393274809,0.995810091495514
0.0603470404172893,0.46002078,0.6884321269132669,0.6318316195185139,0.9958145022392272
0.0573253537713741,0.46002078,0.5882080696566845,0.8675532094298886,0.9958137273788452
0.0606923710757332,0.46002078,0.4998076165914881,0.7738394357403231,0.9958158731460572
0.0365190157180981,0.46002078,0.4996277112084115,0.2159308046046669,0.9958122372627258
0.0268496756166691,0.46002078,0.5383110398059217,0.4483880357248601,0.9958153367042542
0.0265906801748674,0.46002078,0.473436382732325,0.5209510135066825,0.9958170652389526
0.0261590091957188,0.46002078,0.505456808364761,0.8215183853779428,0.9958149194717408
0.0252093473329668,0.46002078,0.6421277113983253,0.7341488805084883,0.9958209991455078
0.0258136785372749,0.46002078,0.5470765072263475,0.7954508233607018,0.995822548866272
0.0271086812665957,0.46002078,0.5012341262670816,0.8150162081147565,0.9958229660987854
0.0154536822230205,0.46002078,0.511140579576022,0.8922831014489692,0.9958202838897704
0.015453677118958,0.46002078,0.5148146681953221,0.5976222523805904,0.9958171844482422
0.0162306787565505,0.46002078,0.5086609740043058,0.6476077109772936,0.9958151578903198
0.015453677118958,0.46002078,0.4837049169554689,0.7359681813562738,0.9958139061927797
0.0136406784019713,0.46002078,0.4704552569642601,0.5100868513504188,0.9958072304725648
0.0119140097975643,0.46002078,0.4818862233311393,0.5938747309678873,0.9958032965660096
0.0105326718516013,0.46002078,0.2292395595384732,0.5064441331068075,0.9958008527755736
0.0099283406472932,0.46002078,0.2254449242474948,0.6366728208726966,0.9957993030548096
0.0103600065223793,0.46002078,0.4561335782614378,0.5476710279578962,0.9957975745201112
0.0085470027013301,0.46002078,0.4946142131351735,0.8815820145849624,0.995793342590332
0.0055253339196335,0.46002078,0.4957358952709444,0.6780024320311652,0.9957945346832277
0.0041440010777329,0.46002078,0.4957394989029126,0.0147723724975357,0.9957994222640992
0.0069930045302076,0.46002078,0.5786927464552719,0.0192266794464263,0.995801329612732
0.0056980069049492,0.46002078,0.621470324711845,0.0712334605031661,0.99580579996109
0.0084606776928128,0.46002078,0.629720655590006,0.0482582857968774,0.9958032369613647
0.0075110158300608,0.46002078,0.4958858398405935,0.012985098385494,0.9957926869392396
0.0095830099888493,0.46002078,0.5018494618637652,0.0047776618602519,0.9957862496376038
0.013727018722676,0.46002078,0.4359312352101825,0.0059137952683953,0.9957839846611024
0.0157990179855268,0.46002078,0.5163779606202241,0.0045936213135525,0.9957813024520874
0.0170940207148477,0.46002078,0.4992088057873034,0.0065493300642069,0.9957830905914308
0.0183890132360436,0.46002078,0.6347690801425415,0.0057728378476661,0.9957875609397888
0.0196840210694269,0.46002078,0.5727684829711733,0.0070793921453278,0.9957919716835022
0.0155400123356002,0.46002078,0.495445602974047,0.0054438881563401,0.995797872543335
0.0161443486439708,0.46002078,0.4964554219153678,0.0075947141248495,0.9958032369613647
0.0161443384358458,0.46002078,0.5029009943039227,0.0074709596051654,0.995812177658081
0.0168350099608586,0.46002078,0.4985846319260928,0.0059451717999451,0.9958129525184632
0.0178710019361903,0.46002078,0.4968005773826576,0.0087587439183691,0.9958086609840392
0.0170940105067228,0.46002078,0.4920052826928441,0.0076841693508673,0.9958080053329468
0.0170940105067228,0.46002078,0.509088403937326,0.0019370519058648,0.9958084225654602
0.0170940156107852,0.46002078,0.5520575374765031,0.0008409653788038,0.995809018611908
0.0218423606529825,0.46002078,0.5090684338084316,0.002049179415191,0.9958118796348572
0.0229646776368315,0.46002078,0.5106293040615091,0.0083214015671211,0.995821475982666
0.0239143497077084,0.46002078,0.5278310542275902,0.0137565712629877,0.995833158493042
0.0233100185034003,0.46002078,0.5156759485331804,0.0055544038132275,0.9958484172821044
0.0233100185034003,0.46002078,0.4833448105266512,0.0091285482675749,0.995850384235382
0.0222740163199437,0.46002078,0.4986865685198836,0.0023387298997464,0.995849311351776
0.0218423453407951,0.46002078,0.5508476186318604,0.0010803318212382,0.9958576560020448
0.0211516738157823,0.46002078,0.5503834876711381,0.0022163592479383,0.995873212814331
0.020461007394832,0.46002078,0.495406039838599,0.0007637962664573,0.995902419090271
0.0214970044742262,0.46002078,0.5037604847458169,0.0002976275607786,0.9958989024162292
0.024518675807954,0.46002078,0.2075541466199709,0.0021510849534345,0.9953079223632812
0.0251230070122621,0.46002078,0.3089291647716891,0.0019998486746316,0.9952994585037231
0.0209790033824979,0.46002078,0.4521287185304231,0.0056758253475728,0.99529367685318
0.0168349997527336,0.46002078,0.443194986991773,0.0059523054591807,0.9952884912490844
0.0138133284190058,0.46002078,0.4929786553347128,0.0048659706973097,0.9952868223190308
0.0120003348060816,0.46002078,0.5208467030450264,0.0791546283199106,0.9952882528305054
0.0120003348060816,0.46002078,0.7106204189877645,0.0834949092072432,0.995294451713562
0.0085469975972676,0.46002078,0.6511322082992592,0.0229947512662565,0.995288610458374
0.0067339988802809,0.46002078,0.5067601475520263,0.0174410256462041,0.9952911138534546
0.0054389987029913,0.46002078,0.2364033171941955,0.0062749649699456,0.9952950477600098
0.0044029965195346,0.46002078,0.2504169175620007,0.0790726249913125,0.9952945709228516
0.0224466867532281,0.46002078,0.2326831151824178,0.0878036306716692,0.9952958226203918
0.0224466867532281,0.46002078,0.5065107875605463,0.0472036543132047,0.9952974319458008
0.0241733502535726,0.46002078,0.6502404138271006,0.0028238865153292,0.9953041672706604
0.0234826889366848,0.46002078,0.7636623062027412,0.004686008773733,0.995307207107544
0.0230510179575362,0.46002078,0.5053209210582849,0.0028629556111932,0.9953051805496216
0.0220150157740795,0.46002078,0.401902814311893,0.0070601207099574,0.9953086376190186
0.0227920225157345,0.46002078,0.363631353578171,0.0081789771490591,0.9953135848045348
0.0235690190492645,0.46002078,0.3637960616801365,0.0068742118579029,0.995315670967102
0.0202020221611552,0.46002078,0.4993819685426732,0.022866512987985,0.995317041873932
0.0154536822230205,0.46002078,0.4996976650721229,0.0276812510790219,0.995325207710266
0.0115686740350579,0.46002078,0.5789508100395324,0.0145757432546477,0.9953286647796632
0.0088060083512568,0.46002078,0.5479529384740089,0.0039801151036049,0.9953290224075316
0.0083743424761706,0.46002078,0.5783850218169392,0.0054106773069502,0.9953283667564392
0.0083743373721082,0.46002078,0.691391405202421,0.0049370148804215,0.9953336119651794
0.0094103395555648,0.46002078,0.5087104125431314,0.0052430597268178,0.9953414797782898
0.0104463417390215,0.46002078,0.5076203834376756,0.0054943096248812,0.995347797870636
0.0111370081599718,0.46002078,0.5025267789598843,0.0090563925774562,0.9953275918960572
0.011396008705836,0.46002078,0.4724574431080157,0.0029545118358236,0.995323657989502
0.011396008705836,0.46002078,0.3214303238120919,0.0016125058412375,0.995323359966278
0.0096693452054915,0.46002078,0.2897069452432333,0.0017580040094414,0.9953234791755676
0.0090650088971209,0.46002078,0.2970752792272834,0.0042877615583496,0.9953208565711976
0.0093240043389226,0.46002078,0.4229167482303636,0.0253686934425891,0.9953179955482484
0.0123456807767129,0.46002078,0.4335717104241667,0.008026598854744,0.9953180551528932
0.0136406784019713,0.46002078,0.4732992771263525,0.0060797907868191,0.9953209757804872
0.0237416945866114,0.46002078,0.564033071519816,0.0059664916323739,0.9953188300132751
0.0320296967420774,0.46002078,0.4605267893925315,0.0026112228621363,0.9953239560127258
0.0354830390549538,0.46002078,0.5714890610535802,0.0011862534538764,0.9953088760375975
0.042130707822655,0.46002078,0.5585081913915929,0.0021054499379304,0.9953040480613708
0.0544763988074929,0.46002078,0.467925812330941,0.0062529495005031,0.995311975479126
0.0687213982056474,0.46002078,0.504523071100084,0.0051364618070854,0.9953134059906006
0.0687214084137723,0.46002078,0.5222746079896753,0.0049343342605144,0.9953151345252992
0.0953121039008272,0.46002078,0.5057381623118999,0.0019808601194012,0.9953121542930604
0.1339894847227933,0.46002078,0.5381171320202155,0.0028850856101247,0.9953068494796752
0.1795735093380124,0.46002078,0.498340675998952,0.0048875997352011,0.9953001141548156
0.2013295143581028,0.46002078,0.6277888245155736,0.0067885039792246,0.9952985048294068
0.2204092144313466,0.46002078,0.5291646974232207,0.0395314655723621,0.995297074317932
0.2351722455456042,0.46002078,0.5281612965613023,0.078999728803858,0.995287537574768
0.2400069155963188,0.46002078,0.5189146056058236,0.0465433613848274,0.995289146900177
0.2502805971101809,0.46002078,0.5316288850649926,0.0022361653232936,0.9952932000160216
0.2599499576278598,0.46002078,0.5398265653868293,0.0017826619045337,0.995299220085144
0.2682379546792633,0.46002078,0.5061844926777439,0.0039633067687368,0.9952955842018129
0.2765259721469167,0.46002078,0.5234157793773193,0.0086264940631874,0.9952933192253112
0.2831736256024306,0.46002078,0.6911091504337036,0.0097973384871529,0.995288074016571
0.2859362912862317,0.46002078,0.4737970994930948,0.0023762344717043,0.9952911734580994
0.2887853177069875,0.46002078,0.546905816855815,0.0017228207747707,0.9952876567840576
0.2895622989283301,0.46002078,0.5127330034851183,0.0232518081256939,0.9952781796455384
0.2930156259290191,0.46002078,0.5588827654268244,0.0069456761700723,0.9952810406684875
0.2934472867000428,0.46002078,0.5843981505997362,0.0138178237165539,0.9952921867370604
0.2975913158501193,0.46002078,0.5522024728625183,0.0012722685719325,0.9952846765518188
0.2993179385179641,0.46002078,0.5018262869765748,0.0167843707319614,0.9952822923660278
0.3006992611517398,0.46002078,0.5193323963719194,0.0631492421826905,0.9952855706214904
0.3006993019842395,0.46002078,0.4935697917537709,0.031341712291749,0.99528568983078
0.3006992611517398,0.46002078,0.6594189556812127,0.0109857344864857,0.9952877759933472
0.3024259450683341,0.46002078,0.5077407139947169,0.0052105761858832,0.995287299156189
0.2933609463793381,0.46002078,0.6099279589333946,0.1444343562334828,0.9952868819236756
0.2832599250906355,0.46002078,0.5014930121242287,0.2903177695737151,0.9952895641326904
0.2793748964864231,0.46002078,0.6983025272846135,0.050134980630838,0.9952898025512696
0.2723818817480906,0.46002078,0.604029436244673,0.0078666975050085,0.9952887296676636
0.2723818817480906,0.46002078,0.510088696987605,0.0046400345637628,0.9952909350395204
0.2647845664298247,0.46002078,0.5637309528545302,0.0032666999991722,0.9952877163887024
0.2622809012918877,0.46002078,0.5774695860760402,0.0045029492005077,0.995283544063568
0.2429422210890296,0.46002078,0.5523589429023559,0.0020849749539094,0.995283544063568
0.2097901716346659,0.46002078,0.5088502235670148,0.0021270802568546,0.9952845573425292
0.1727531344085895,0.46002078,0.4816639171542192,0.0024443654791186,0.9952846765518188
0.1561771403057824,0.46002078,0.5215938942388446,0.0025254048436331,0.9952808618545532
0.140982468836751,0.46002078,0.4945045391298435,0.0037670430288521,0.995274305343628
0.1282914420894067,0.46002078,0.5299015530443285,0.0035077233397932,0.9952775239944458
0.1244064339014442,0.46002078,0.5160972349993245,0.0028467179328327,0.9952737092971802
0.1189674326464216,0.46002078,0.5033832226834823,0.0019929676708646,0.9952698349952698
0.1140464426912522,0.46002078,0.5478641851021167,0.0017992937883766,0.9952749013900756
0.1085210909074,0.46002078,0.5025786105696397,0.0025330303234614,0.995276927947998
0.1020460772607958,0.46002078,0.4708524829628004,0.0020397032944762,0.995279848575592
0.0992834115769946,0.46002078,0.5216888588924122,0.001823864759934,0.995273768901825
0.0992834217851196,0.46002078,0.4929352507417207,0.0051027786900734,0.9952802658081056
0.0981610894890832,0.46002078,0.5102417295613123,0.0096868742388737,0.9952858686447144
0.0981610792809582,0.46002078,0.5568184881557044,0.0184115890245581,0.995284616947174
0.0970387367767969,0.46002078,0.5494707529083825,0.3358599602884818,0.9952828884124756
0.0993697518976993,0.46002078,0.5642079648561775,0.7489359717868023,0.9952799081802368
0.0969524168723421,0.46002078,0.4941565476755385,0.9961459552263676,0.99527907371521
0.0980747389602535,0.46002078,0.6763650198670804,0.996836651156801,0.9952795505523682
0.1001467535352918,0.46002078,0.529449386322085,0.9918123267940236,0.9952766299247742
0.1040317821395042,0.46002078,0.357934611235396,0.9954318945762392,0.9952739477157592
0.1064490967486116,0.46002078,0.3415460449221428,0.9883011788310556,0.9952740669250488
0.107571429044648,0.46002078,0.583443433906359,0.9916999478333194,0.995270311832428
0.1117154479865997,0.46002078,0.5020590246825578,0.9904153165476248,0.99526709318161
0.1218164488590524,0.46002078,0.4789236634998816,0.985294032938994,0.995267391204834
0.12570144683889,0.46002078,0.5062420160225429,0.9999950210743976,0.9952671527862548
0.1312267884146173,0.46002078,0.4958967432274022,0.9999944055362971,0.9952678680419922
0.1243201139969894,0.46002078,0.5478781544567026,0.999999131708509,0.9952629804611206
0.1259604575928791,0.46002078,0.452743678583647,0.9696976000564522,0.9952674508094788
0.1176724503333506,0.46002078,0.4474952834737451,0.9779751371350206,0.9952678680419922
0.1160321067374609,0.46002078,0.3666801364777711,0.9885094630888784,0.995272934436798
0.1143917733496962,0.46002078,0.4145192394336845,0.9999865290928164,0.9952712059020996
0.1143917631415712,0.46002078,0.4549136553435801,0.996384693222577,0.9952720403671264
0.1143917733496962,0.46002078,0.5435298063344818,0.9999973824614168,0.9952682852745056
0.1171544390334973,0.46002078,0.7466802978655972,0.999998768017452,0.9952762126922609
0.1199171047172985,0.46002078,0.6264270187977332,0.9689192683693902,0.9952812790870668
0.1223344397426558,0.46002078,0.7083852315034447,0.969706888860288,0.9952887296676636
0.1257877667433448,0.46002078,0.5030871064783726,0.9715182319790848,0.9952962398529052
0.130708777114764,0.46002078,0.5028822940178429,0.9963647765012832,0.9952836632728576
0.1380471633440402,0.46002078,0.4881388586189132,0.9954263435519412,0.9952792525291444
0.1463351603954437,0.46002078,0.4965985667316999,0.999987181934536,0.9952824711799622
0.1525511734961838,0.46002078,0.4938458484633884,0.993780746037423,0.9952791333198548
0.161875172731044,0.46002078,0.5092920009942646,0.990156319858851,0.995275855064392
0.1711991719659042,0.46002078,0.544751356258348,0.982794953537776,0.9952734708786012
0.1814728534797663,0.46002078,0.4653908720258413,0.9930214437197378,0.9952763915061952
0.1929551769859946,0.46002078,0.5008519535887218,0.9999877458455372,0.9952746629714966
0.2022791966371047,0.46002078,0.5230740057965021,0.9999983568219892,0.9952767491340636
0.2096175318257562,0.46002078,0.5301580209642452,0.9956916884024306,0.99527245759964
0.2140205411054471,0.46002078,0.6026241443965773,0.9863111815682084,0.9952679872512816
0.2202365542061871,0.46002078,0.5804513999377833,0.5847194163856883,0.9952699542045592
0.2284382313531359,0.46002078,0.5055074790127377,0.9697108227332206,0.9952678680419922
0.2315462583197558,0.46002078,0.5180283797788433,0.9383863269986874,0.9952661991119384
0.2377622510042459,0.46002078,0.3244614482647001,0.9913619229671908,0.9952651262283324
0.2426832409594153,0.46002078,0.4469857749626698,0.9697185389963344,0.9952635765075684
0.2446689254218738,0.46002078,0.5726582624320146,0.978423607079326,0.9952616691589355
0.2573599113367183,0.46002078,0.4966372227677794,0.9584642809545082,0.9952582716941832
0.2664248896094645,0.46002078,0.5034769169738088,0.9277924585028882,0.9952626824378968
0.2754899291309603,0.46002078,0.5972507016151214,0.9800496407354816,0.995262622833252
0.2837779261823638,0.46002078,0.4131878453652737,0.9944510507536164,0.9952661395072936
0.2920659436500172,0.46002078,0.4151540464823692,0.9999823480374576,0.9952619671821594
0.3019942842973104,0.46002078,0.532282237650361,0.9873024517769116,0.9952637553215028
0.3171026154456372,0.46002078,0.5951121109345877,0.9883053288853302,0.9952628016471864
0.3278943184674774,0.46002078,0.5489417192809924,0.9337279355233606,0.9952710270881652
0.3473193185747903,0.46002078,0.5890976636177584,0.9793655022912984,0.9952588081359864
0.3549166951418058,0.46002078,0.6639954198736633,0.9958892692326542,0.9952598810195924
0.3700250058738827,0.46002078,0.4970348650982487,0.9950356525089764,0.9952672719955444
0.3866010408091895,0.46002078,0.5629073990504126,0.9999971174303128,0.9952692985534668
0.3930760544557937,0.46002078,0.5680646229460862,0.9999952137969624,0.9952681064605712
0.3995510681023979,0.46002078,0.50075910050493,0.9914724657018557,0.9952657222747804
0.4015367117323567,0.46002078,0.5056058430490339,0.9999876988666972,0.9952623844146729
0.3997237079113075,0.46002078,0.5014234086585702,0.9974698551199528,0.9952617287635804
0.3979107040902583,0.46002078,0.5017847028928145,0.983502534433272,0.9952608942985536
0.3910040092563806,0.46002078,0.5069398472167221,0.9962252672086144,0.995254933834076
0.3855650386257328,0.46002078,0.5036070610671801,0.9948378476704256,0.9952497482299804
0.3801260271625852,0.46002078,0.5038754341675429,0.992517463152189,0.9952484965324402
0.3725286505955698,0.46002078,0.4975611191202688,0.9944083946406044,0.9952445030212402
0.367089679964922,0.46002078,0.5078297308231412,0.9937507737683012,0.995242953300476
0.3621686695935028,0.46002078,0.5013685381949927,0.9863325853678252,0.99524188041687
0.359060622210633,0.46002078,0.501665190374979,0.9883543804293194,0.9952405691146852
0.3556073360424437,0.46002078,0.5900452558125835,0.9810644005175028,0.9952389001846312
0.3501682837467965,0.46002078,0.4598106367276884,0.9859375303247854,0.995237112045288
0.3501682837467965,0.46002078,0.5036500775423406,0.9825051246343502,0.995229959487915
0.3501683654117959,0.46002078,0.765102784328701,0.1143825278929396,0.9952336549758912
0.3501682837467965,0.46002078,0.3620045279109036,0.0790600405973332,0.9952348470687866
0.3481826401168377,0.46002078,0.6162043733391328,0.0063366933779682,0.9952391386032104
0.3436933517651918,0.46002078,0.5474907758856715,0.0407414910539158,0.9952452182769777
0.3415349866613238,0.46002078,0.4879423871971085,0.0754336444983082,0.99524986743927
0.3355780149389477,0.46002078,0.5244085696613183,0.0791053554850896,0.9952580332756042
0.3310886449223023,0.46002078,0.5032300063161528,0.0795618537317123,0.99525785446167
0.3265993157381566,0.46002078,0.5406531467147033,0.036409427664949,0.9952651262283324
0.3242683108253791,0.46002078,0.5717457978520543,0.079143439145366,0.995271623134613
0.3190882999080957,0.46002078,0.5804667757183779,0.0389813144892701,0.99527770280838
0.3120952851697632,0.46002078,0.593589013518067,0.0064263672083388,0.9952820539474488
0.2995769390638282,0.46002078,0.4840428817460633,0.0105847031796848,0.9952816367149352
0.2936199673414521,0.46002078,0.503267735777274,0.0371835359737011,0.9952735900878906
0.2819649427775645,0.46002078,0.5692044844035992,0.0151089241370025,0.995268940925598
0.2703099386299268,0.46002078,0.4864050524949562,0.0015909017156107,0.99527245759964
0.2658205890295312,0.46002078,0.5711424941837322,0.0038925352941303,0.99527245759964
0.2593455957991769,0.46002078,0.5374018755126598,0.017746394824853,0.9952712655067444
0.2593455957991769,0.46002078,0.2696971729968482,0.0151312976109208,0.9952709078788756
0.2611585996202261,0.46002078,0.6306703384066168,0.0057929936320401,0.9952679872512816
0.2611585996202261,0.46002078,0.524518879971913,0.0023956808318055,0.995266854763031
0.2680652740378539,0.46002078,0.5734578434668947,0.0016934698201048,0.9952670335769652
0.2715185806222931,0.46002078,0.4873812891602569,0.0020953969329519,0.9952659010887146
0.2731589242181828,0.46002078,0.5191399210454108,0.0617591937313449,0.9952717423439026
0.2731589038019329,0.46002078,0.5705979009740986,0.0142662216590649,0.9952749609947203
0.2731589242181828,0.46002078,0.4987620832579296,0.0033599994992021,0.9952820539474488
0.2746265871726631,0.46002078,0.5389166420251342,0.0211001120694051,0.9952876567840576
0.2760942501271434,0.46002078,0.546425409922813,0.0097420432574023,0.995291531085968
0.2722092419391809,0.46002078,0.5199587340930519,0.017931260487975,0.9952930808067322
0.2665975702508739,0.46002078,0.4780710039045971,0.0299505044690063,0.9952923655509948
