crowd_density_norm,facial_discomfort_prob,audio_overload_score,physio_stress_prob,visual_confusion_prob,overload_probability,overload_level,crowd_weight,face_weight,audio_weight,physio_weight
0.0599153694381407,0.46002078,0.5249618748515786,0.6884120792312154,0.9960068464279176,,High,,,,
0.0599153694381407,0.46002078,0.6061470301559895,0.5836916755321553,0.9959976077079772,,High,,,,
0.0599153694381407,0.46002078,0.5076865213482961,0.5383391619375311,0.9959899187088012,,High,,,,
0.0599153694381407,0.46002078,0.5947846561968616,0.5973780593510171,0.9959783554077148,,High,,,,
0.0599153694381407,0.46002078,0.6063236936428894,0.4580491746809911,0.995971143245697,,High,,,,
0.0599153694381407,0.46002078,0.5314446065225639,0.0224090900068432,0.995962619781494,,High,,,,
0.0599153694381407,0.46002078,0.6763287588558569,0.0252415213939789,0.9959612488746644,,High,,,,
0.0599153694381407,0.46002078,0.8681609294682687,0.1477352949854069,0.9959628582000732,,High,,,,
0.0599153694381407,0.46002078,0.6182746035773163,0.0380885163872916,0.9959605932235718,,High,,,,
0.0599153694381407,0.46002078,0.5664821804326492,0.0139014072992452,0.9959605932235718,,High,,,,
0.0599153694381407,0.46002078,0.3868889817389572,0.0263764225425068,0.9959545135498048,,High,,,,
0.0599153694381407,0.46002078,0.5033522373203595,0.0116784376556106,0.995954155921936,,High,,,,
0.0599153694381407,0.46002078,0.9570864919623092,0.0481834477652473,0.9959561228752136,,High,,,,
0.0599153694381407,0.46002078,0.9601750194408168,0.0204023497606679,0.9959503412246704,,High,,,,
0.0599153694381407,0.46002078,0.4832134724174921,0.0343369933089239,0.9959489107131958,,High,,,,
0.0599153694381407,0.46002078,0.4982442769443112,0.023444575031103,0.9959498047828674,,High,,,,
0.0599153694381407,0.46002078,0.6497219126038544,0.2062094433277928,0.995944619178772,,High,,,,
0.0599153694381407,0.46002078,0.5766390693642962,0.3675643448445632,0.9959349632263184,,High,,,,
0.0599153694381407,0.46002078,0.4993670297574574,0.100007930496848,0.9959266781806946,,High,,,,
0.0599153694381407,0.46002078,0.4608878314149477,0.0365949659667288,0.9959187507629396,,High,,,,
0.0599153694381407,0.46002078,0.449803168647486,0.0609467549479479,0.9959093928337096,,High,,,,
0.0599153694381407,0.46002078,0.4995779616604,0.0342379119685459,0.9959060549736024,,High,,,,
0.0599153694381407,0.46002078,0.4695689501191907,0.0354251925476433,0.9959006905555724,,High,,,,
0.0599153694381407,0.46002078,0.6497618418161664,0.2966597656500399,0.9958969354629515,,High,,,,
0.0599153694381407,0.46002078,0.6895292356350182,0.0150217251595349,0.995896577835083,,High,,,,
0.0599153694381407,0.46002078,0.6563450597246061,0.0173256226823741,0.9958913922309875,,High,,,,
0.0599153694381407,0.46002078,0.6127986796209826,0.0138204992678943,0.9958890080451964,,High,,,,
0.0599153694381407,0.46002078,0.6976962783489911,0.0514054616462322,0.9958874583244324,,High,,,,
0.0599153694381407,0.46002078,0.5393747164842353,0.0190670511719641,0.995886206626892,,High,,,,
0.0599153694381407,0.46002078,0.5439935449279801,0.0102607140637384,0.9958817958831788,,High,,,,
0.0599153694381407,0.46002078,0.648359520196391,0.011561380452887,0.9958840012550354,,High,,,,
0.0575843645253632,0.46002078,0.5654963414303894,0.0115624226753788,0.9958873987197876,,High,,,,
0.0534403557915365,0.46002078,0.4775370583311541,0.0081511242895064,0.9958937764167786,,High,,,,
0.0413536806647502,0.46002078,0.5399800806379063,0.0072674292413379,0.9958946108818054,,High,,,,
0.02892167487952,0.46002078,0.5468235442320918,0.0203112958940212,0.9959015250205994,,High,,,,
0.0178710070402528,0.46002078,0.5532904904953285,0.0246143846003163,0.9959034323692322,,High,,,,
0.0131226722061805,0.46002078,0.5677344196779472,0.0134696046153148,0.995907187461853,,High,,,,
0.0118276745809221,0.46002078,0.5952143446352238,0.0670018638176527,0.9959113597869872,,High,,,,
0.0118276745809221,0.46002078,0.5030160777258288,0.0141828387337479,0.9959174394607544,,High,,,,
0.0135543431853291,0.46002078,0.6099909357762954,0.0643163317701191,0.9959255456924438,,High,,,,
0.0164033542938974,0.46002078,0.540148445156774,0.0571270577576906,0.995940327644348,,High,,,,
0.0212380192405494,0.46002078,0.5139305153243184,0.0099489298632949,0.9959464073181152,,High,,,,
0.0212380192405494,0.46002078,0.6635646062481102,0.0250493654654328,0.9959595203399658,,High,,,,
0.0202020170570928,0.46002078,0.6754058696844595,0.0140194523479196,0.9959757924079896,,High,,,,
0.0219286856614997,0.46002078,0.5458568188754725,0.0222789557663263,0.996004045009613,,High,,,,
0.0246913564493634,0.46002078,0.667487686756067,0.0209422226563412,0.9960250854492188,,High,,,,
0.0246913564493634,0.46002078,0.5765628093788111,0.0221925198806487,0.9960405230522156,,High,,,,
0.0199430165112286,0.46002078,0.5485244385430633,0.0090250433283065,0.9960623383522034,,High,,,,
0.0191660148736361,0.46002078,0.6235612867236342,0.0125207789897458,0.9961000680923462,,High,,,,
0.0199430165112286,0.46002078,0.5384219516934536,0.0379932333701792,0.9961377382278442,,High,,,,
0.0199430165112286,0.46002078,0.5633764031917962,0.0120959253663089,0.9961612224578856,,High,,,,
0.0213243544571917,0.46002078,0.53065425622965,0.0104132071152778,0.996178925037384,,High,,,,
0.020633672724054,0.46002078,0.5471488447772572,0.0077128350218455,0.9962217211723328,,High,,,,
0.0185616683571406,0.46002078,0.5574809022960836,0.0102671370576033,0.9962584376335144,,High,,,,
0.0155400072315377,0.46002078,0.7089875398876415,0.0407579984712926,0.9962669014930724,,High,,,,
0.0155400072315377,0.46002078,0.5807152934229974,0.0313044620168796,0.9962806701660156,,High,,,,
0.019684010861302,0.46002078,0.5932761484495813,0.0232084370680257,0.9962868094444276,,High,,,,
0.0186480086778453,0.46002078,0.4485600870485541,0.010908194352653,0.9962116479873656,,High,,,,
0.0233963537200425,0.46002078,0.613350480665926,0.0090413804085933,0.9961764812469482,,High,,,,
0.0238280144910662,0.46002078,0.4640848385409299,0.0201275612864448,0.9961024522781372,,High,,,,
0.0272813619080051,0.46002078,0.4519225561667554,0.0280748338223604,0.9959561228752136,,High,,,,
0.0307346940127565,0.46002078,0.6251455144702049,0.0112984477320142,0.995913028717041,,High,,,,
0.0309936843504958,0.46002078,0.6319090120014152,0.0187065824965343,0.9958101511001588,,High,,,,
0.0309936843504958,0.46002078,0.664319649420213,0.0174727296677016,0.99576073884964,,High,,,,
0.0291806805294466,0.46002078,0.6308941902541845,0.0089716520674152,0.995741605758667,,High,,,,
0.0281446783459899,0.46002078,0.6180819226963649,0.0392207903079705,0.995763063430786,,High,,,,
0.0281446783459899,0.46002078,0.6344492193704355,0.0106973911868837,0.9957731366157532,,High,,,,
0.0240006798202882,0.46002078,0.6367778847110458,0.0068319347424372,0.9957842826843262,,High,,,,
0.0219286805574373,0.46002078,0.6514867515778862,0.0071910912335105,0.9958000779151917,,High,,,,
0.0189069939115221,0.46002078,0.5223807325420864,0.0061358319568865,0.9958229064941406,,High,,,,
0.0154536618067706,0.46002078,0.5895440788866836,0.0065678065368825,0.9958454966545104,,High,,,,
0.009841995222526,0.46002078,0.2280848188329969,0.0083300561955418,0.9958811402320862,,High,,,,
0.0106189968601185,0.46002078,0.4934049689891254,0.0088968065283661,0.9959123730659484,,High,,,,
0.0110506678392671,0.46002078,0.5150191396592081,0.0042790296620731,0.9959271550178528,,High,,,,
0.0093239941307977,0.46002078,0.5324139347399524,0.0054562085029074,0.9959247708320618,,High,,,,
0.0075973306304532,0.46002078,0.5285674039410775,0.0043884137484568,0.9959160089492798,,High,,,,
0.0041439985257017,0.46002078,0.4433903999371978,0.0037595307084432,0.9958980679512024,,High,,,,
0.0041439985257017,0.46002078,0.8439128188476226,0.0060165524940236,0.9958741068840028,,High,,,,
0.0028489983484121,0.46002078,0.4547149527784313,0.0061630822752141,0.995873212814331,,High,,,,
0.00077699653353,0.46002078,0.4979784846073422,0.0042431083968596,0.9958581924438475,,High,,,,
0.0063886707738683,0.46002078,0.7741357145981735,0.0057966137400015,0.9958471059799194,,High,,,,
0.0188206893192547,0.46002078,0.7538093823744474,0.0081881203859374,0.9958477020263672,,High,,,,
0.0356556992801133,0.46002078,0.4624562946646165,0.0061799175424607,0.9958487153053284,,High,,,,
0.0549943998992213,0.46002078,0.4957001442890033,0.003618830791725,0.9958556294441224,,High,,,,
0.0743330801020794,0.46002078,0.3704516042806433,0.0212818676620267,0.9958624839782716,,High,,,,
0.1085210909074,0.46002078,0.3766310751029266,0.0082466149173259,0.9958656430244446,,High,,,,
0.1250971156345819,0.46002078,0.731461084490104,0.0258401904364863,0.9958685636520386,,High,,,,
0.1592851672724023,0.46002078,0.4394902130283298,0.0190637691614357,0.9958842992782592,,High,,,,
0.1882932079929393,0.46002078,0.480238671767438,0.0340242787033443,0.9959018230438232,,High,,,,
0.2220495988597361,0.46002078,0.6098535514511695,0.0070103115595447,0.9959130883216858,,High,,,,
0.2596046371775408,0.46002078,0.5645723331486807,0.0084584545880982,0.9959270358085632,,High,,,,
0.289907639794899,0.46002078,0.257797407235421,0.0303203683769047,0.9959433674812316,,High,,,,
0.3240956710164695,0.46002078,0.6196780334578611,0.0097876572181761,0.9959557056427002,,High,,,,
0.3549166951418058,0.46002078,0.7458101844956674,0.0262973800733023,0.9959421157836914,,High,,,,
0.3857376376021427,0.46002078,0.6108166834477742,0.0143759040526153,0.9959110021591188,,High,,,,
0.3999827084571717,0.46002078,0.6087270256242165,0.0168889556928277,0.9958943724632264,,High,,,,
0.4078390447375515,0.46002078,0.5745252889725975,0.0137977930260978,0.995881736278534,,High,,,,
0.4091340882993721,0.46002078,0.5218169019359025,0.0088896641245549,0.9958758354187012,,High,,,,
0.4093930071802368,0.46002078,0.5990908203020808,0.0091746829236552,0.9958619475364684,,High,,,,
0.4096520485586007,0.46002078,0.5523680877082596,0.0111482918529063,0.9958510994911194,,High,,,,
0.4089613668254631,0.46002078,0.5836236639244902,0.0091537572246813,0.9958468079566956,,High,,,,
0.4097383276305558,0.46002078,0.2709663542323711,0.006512195225225,0.9958465099334716,,High,,,,
0.4076663232636425,0.46002078,0.5289031010732459,0.0584784154858304,0.9958451390266418,,High,,,,
0.4069757231955043,0.46002078,0.5274764379265754,0.0157334947852331,0.9958444833755492,,High,,,,
0.4059397210120476,0.46002078,0.4666211494226445,0.0134636421797354,0.9958532452583312,,High,,,,
0.4049037188285909,0.46002078,0.254132196943624,0.0042355479784198,0.995858073234558,,High,,,,
0.4062850414623665,0.46002078,0.5258111425279878,0.0055222123990443,0.995858073234558,,High,,,,
0.4125010545631066,0.46002078,0.5294984244931531,0.0038073264401356,0.995859920978546,,High,,,,
0.4210480317441245,0.46002078,0.5309118453186926,0.0034113196584786,0.9958488941192628,,High,,,,
0.4223429936409456,0.46002078,0.5341547744182307,0.0056857276844034,0.9958529472351074,,High,,,,
0.4156953401854317,0.46002078,0.5228880231105905,0.0025116576890118,0.9958611130714417,,High,,,,
0.4018819913501759,0.46002078,0.5987940629033575,0.0196795806135812,0.9958593249320984,,High,,,,
0.3880686425149202,0.46002078,0.6454241228878346,0.0053478051863429,0.995854377746582,,High,,,,
0.3741689737752096,0.46002078,0.6152268674242805,0.0041340255465486,0.9958543181419371,,High,,,,
0.365190356239418,0.46002078,0.5591929996391627,0.0046205830927521,0.9958614110946656,,High,,,,
0.3348872923733103,0.46002078,0.6690366106553199,0.0125534433819972,0.9958651065826416,,High,,,,
0.3158939326207711,0.46002078,0.2442029001068477,0.7073834450788412,0.9958705306053162,,High,,,,
0.2827418831664074,0.46002078,0.6245589125449442,0.7560545275657796,0.995877206325531,,High,,,,
0.2485538519448369,0.46002078,0.5351241397840567,0.4358074723780911,0.9958854913711548,,High,,,,
0.2195458316405497,0.46002078,0.6772478260956405,0.653961326733284,0.9958897233009338,,High,,,,
0.1799187889558317,0.46002078,0.5287455309655343,0.6642913146600451,0.9958784580230712,,High,,,,
0.1461624389215346,0.46002078,0.4979667398198217,0.697325101395418,0.9958673715591432,,High,,,,
0.1119744076999641,0.46002078,0.6814339451108766,0.7391858033171314,0.9958412647247314,,High,,,,
0.0839160798828037,0.46002078,0.5234907075729097,0.2943409816215491,0.995826780796051,,High,,,,
0.0530950353412175,0.46002078,0.5671382754377191,0.7012547385471928,0.9958162307739258,,High,,,,
0.0388500257349381,0.46002078,0.5519422028940426,0.7598225736023314,0.9958174228668212,,High,,,,
0.0309936894545582,0.46002078,0.2136167383999634,0.9894432116110314,0.9958038330078124,,High,,,,
0.0309936894545582,0.46002078,0.5798781191709347,0.991508446165828,0.9957799315452576,,High,,,,
0.0314253553296444,0.46002078,0.6733849447261379,0.99228414915454,0.9957685470581056,,High,,,,
0.0380730292014081,0.46002078,0.6783337405090907,0.9564134128986712,0.9957640171051024,,High,,,,
0.0435120355604932,0.46002078,0.6447989069329851,0.9410379173897184,0.995753526687622,,High,,,,
0.0468790426567274,0.46002078,0.6495973454000932,0.9880565890914604,0.995735764503479,,High,,,,
0.0475697090776776,0.46002078,0.7424679383496652,0.9715637530614506,0.9957202076911926,,High,,,,
0.0517137127074419,0.46002078,0.6716184830938859,0.9856206413626482,0.9957175850868224,,High,,,,
0.0527496944746487,0.46002078,0.6598707124685489,0.9673139752392352,0.9957202076911926,,High,,,,
0.0555123805746997,0.46002078,0.576277671216917,0.5700126271453564,0.995725691318512,,High,,,,
0.0575843849416131,0.46002078,0.5461941682924134,0.6768016878302404,0.995733678340912,,High,,,,
0.0548217192578119,0.46002078,0.5506316023916212,0.9934800345940084,0.9957336187362672,,High,,,,
0.0492963827861471,0.46002078,0.5530800698523307,0.971763913591702,0.9957178831100464,,High,,,,
0.0500733895278021,0.46002078,0.6016350122326912,0.7181043890484602,0.9957091808319092,,High,,,,
0.0746784209686482,0.46002078,0.5785159092116373,0.9886953620713338,0.99569970369339,,High,,,,
0.0843477610700773,0.46002078,0.5102717551026217,0.9760300396946168,0.9956950545310974,,High,,,,
0.0815850647619013,0.46002078,0.5370232880155471,0.8786905874364416,0.9956957697868348,,High,,,,
0.0768367350318914,0.46002078,0.5509803089175195,0.9376358220708711,0.9957008361816406,,High,,,,
0.0694983998432399,0.46002078,0.5460312962067122,0.9662937637297162,0.995705246925354,,High,,,,
0.066045052426301,0.46002078,0.5747220326062235,0.9830000392276,0.9957129955291748,,High,,,,
0.0671673949304624,0.46002078,0.572098679972919,0.9691886145278024,0.9957156181335448,,High,,,,
0.078218067873792,0.46002078,0.5706586335407791,0.9383541861184068,0.9957101941108704,,High,,,,
0.0809807437657181,0.46002078,0.2607414061690178,0.9576204416171052,0.9957050085067748,,High,,,,
0.0768367452400164,0.46002078,0.2425887383392819,0.9936359960137304,0.9956974983215332,,High,,,,
0.0768367350318914,0.46002078,0.6240613104540612,0.9933140613463254,0.9956974387168884,,High,,,,
0.078218067873792,0.46002078,0.5933097121249303,0.9825154228378264,0.9956984519958496,,High,,,,
0.0809807335575932,0.46002078,0.497114308644086,0.9912145145731952,0.9956938028335572,,High,,,,
0.0800310716948412,0.46002078,0.4070972023834655,0.976513185282636,0.9956812858581544,,High,,,,
0.0810670738782979,0.46002078,0.4844958774688394,0.938500011081134,0.9956775903701782,,High,,,,
0.0810670738782979,0.46002078,0.4958196312458313,0.9793666960261512,0.995680034160614,,High,,,,
0.0824484067201985,0.46002078,0.4981399699617291,0.988992753403348,0.9956785440444946,,High,,,,
0.084175070220543,0.46002078,0.4914401633442594,0.9939904686707336,0.9957016110420228,,High,,,,
0.0855564030624436,0.46002078,0.541932877093865,0.7481632994853838,0.9957156777381896,,High,,,,
0.0799447415822615,0.46002078,0.4677537044229324,0.4812503605639537,0.995729684829712,,High,,,,
0.0799447313741365,0.46002078,0.4908953148839454,0.8694391646687041,0.9957339763641356,,High,,,,
0.0747647306649781,0.46002078,0.5036665468125945,0.8905572093143989,0.9957627654075624,,High,,,,
0.0770957253696307,0.46002078,0.2420736302752601,0.7380761667698039,0.9957696795463562,,High,,,,
0.072951716635804,0.46002078,0.4954828173682473,0.7308824717010969,0.995783507823944,,High,,,,
0.0716567139064831,0.46002078,0.2972280458189971,0.6184641266145935,0.995789349079132,,High,,,,
0.0686350374686929,0.46002078,0.2814716450159067,0.6257606769928667,0.9958054423332214,,High,,,,
0.064491049151116,0.46002078,0.4758182351783034,0.5433636393274809,0.995810091495514,,High,,,,
0.0603470404172893,0.46002078,0.6884321269132669,0.6318316195185139,0.9958145022392272,,High,,,,
0.0573253537713741,0.46002078,0.5882080696566845,0.8675532094298886,0.9958137273788452,,High,,,,
0.0606923710757332,0.46002078,0.4998076165914881,0.7738394357403231,0.9958158731460572,,High,,,,
0.0365190157180981,0.46002078,0.4996277112084115,0.2159308046046669,0.9958122372627258,,High,,,,
0.0268496756166691,0.46002078,0.5383110398059217,0.4483880357248601,0.9958153367042542,,High,,,,
0.0265906801748674,0.46002078,0.473436382732325,0.5209510135066825,0.9958170652389526,,High,,,,
0.0261590091957188,0.46002078,0.505456808364761,0.8215183853779428,0.9958149194717408,,High,,,,
0.0252093473329668,0.46002078,0.6421277113983253,0.7341488805084883,0.9958209991455078,,High,,,,
0.0258136785372749,0.46002078,0.5470765072263475,0.7954508233607018,0.995822548866272,,High,,,,
0.0271086812665957,0.46002078,0.5012341262670816,0.8150162081147565,0.9958229660987854,,High,,,,
0.0154536822230205,0.46002078,0.511140579576022,0.8922831014489692,0.9958202838897704,,High,,,,
0.015453677118958,0.46002078,0.5148146681953221,0.5976222523805904,0.9958171844482422,,High,,,,
0.0162306787565505,0.46002078,0.5086609740043058,0.6476077109772936,0.9958151578903198,,High,,,,
0.015453677118958,0.46002078,0.4837049169554689,0.7359681813562738,0.9958139061927797,,High,,,,
0.0136406784019713,0.46002078,0.4704552569642601,0.5100868513504188,0.9958072304725648,,High,,,,
0.0119140097975643,0.46002078,0.4818862233311393,0.5938747309678873,0.9958032965660096,,High,,,,
0.0105326718516013,0.46002078,0.2292395595384732,0.5064441331068075,0.9958008527755736,,High,,,,
0.0099283406472932,0.46002078,0.2254449242474948,0.6366728208726966,0.9957993030548096,,High,,,,
0.0103600065223793,0.46002078,0.4561335782614378,0.5476710279578962,0.9957975745201112,,High,,,,
0.0085470027013301,0.46002078,0.4946142131351735,0.8815820145849624,0.995793342590332,,High,,,,
0.0055253339196335,0.46002078,0.4957358952709444,0.6780024320311652,0.9957945346832277,,High,,,,
0.0041440010777329,0.46002078,0.4957394989029126,0.0147723724975357,0.9957994222640992,,High,,,,
0.0069930045302076,0.46002078,0.5786927464552719,0.0192266794464263,0.995801329612732,,High,,,,
0.0056980069049492,0.46002078,0.621470324711845,0.0712334605031661,0.99580579996109,,High,,,,
0.0084606776928128,0.46002078,0.629720655590006,0.0482582857968774,0.9958032369613647,,High,,,,
0.0075110158300608,0.46002078,0.4958858398405935,0.012985098385494,0.9957926869392396,,High,,,,
0.0095830099888493,0.46002078,0.5018494618637652,0.0047776618602519,0.9957862496376038,,High,,,,
0.013727018722676,0.46002078,0.4359312352101825,0.0059137952683953,0.9957839846611024,,High,,,,
0.0157990179855268,0.46002078,0.5163779606202241,0.0045936213135525,0.9957813024520874,,High,,,,
0.0170940207148477,0.46002078,0.4992088057873034,0.0065493300642069,0.9957830905914308,,High,,,,
0.0183890132360436,0.46002078,0.6347690801425415,0.0057728378476661,0.9957875609397888,,High,,,,
0.0196840210694269,0.46002078,0.5727684829711733,0.0070793921453278,0.9957919716835022,,High,,,,
0.0155400123356002,0.46002078,0.495445602974047,0.0054438881563401,0.995797872543335,,High,,,,
0.0161443486439708,0.46002078,0.4964554219153678,0.0075947141248495,0.9958032369613647,,High,,,,
0.0161443384358458,0.46002078,0.5029009943039227,0.0074709596051654,0.995812177658081,,High,,,,
0.0168350099608586,0.46002078,0.4985846319260928,0.0059451717999451,0.9958129525184632,,High,,,,
0.0178710019361903,0.46002078,0.4968005773826576,0.0087587439183691,0.9958086609840392,,High,,,,
0.0170940105067228,0.46002078,0.4920052826928441,0.0076841693508673,0.9958080053329468,,High,,,,
0.0170940105067228,0.46002078,0.509088403937326,0.0019370519058648,0.9958084225654602,,High,,,,
0.0170940156107852,0.46002078,0.5520575374765031,0.0008409653788038,0.995809018611908,,High,,,,
0.0218423606529825,0.46002078,0.5090684338084316,0.002049179415191,0.9958118796348572,,High,,,,
0.0229646776368315,0.46002078,0.5106293040615091,0.0083214015671211,0.995821475982666,,High,,,,
0.0239143497077084,0.46002078,0.5278310542275902,0.0137565712629877,0.995833158493042,,High,,,,
0.0233100185034003,0.46002078,0.5156759485331804,0.0055544038132275,0.9958484172821044,,High,,,,
0.0233100185034003,0.46002078,0.4833448105266512,0.0091285482675749,0.995850384235382,,High,,,,
0.0222740163199437,0.46002078,0.4986865685198836,0.0023387298997464,0.995849311351776,,High,,,,
0.0218423453407951,0.46002078,0.5508476186318604,0.0010803318212382,0.9958576560020448,,High,,,,
0.0211516738157823,0.46002078,0.5503834876711381,0.0022163592479383,0.995873212814331,,High,,,,
0.020461007394832,0.46002078,0.495406039838599,0.0007637962664573,0.995902419090271,,High,,,,
0.0214970044742262,0.46002078,0.5037604847458169,0.0002976275607786,0.9958989024162292,,High,,,,
0.024518675807954,0.46002078,0.2075541466199709,0.0021510849534345,0.9953079223632812,,High,,,,
0.0251230070122621,0.46002078,0.3089291647716891,0.0019998486746316,0.9952994585037231,,High,,,,
0.0209790033824979,0.46002078,0.4521287185304231,0.0056758253475728,0.99529367685318,,High,,,,
0.0168349997527336,0.46002078,0.443194986991773,0.0059523054591807,0.9952884912490844,,High,,,,
0.0138133284190058,0.46002078,0.4929786553347128,0.0048659706973097,0.9952868223190308,,High,,,,
0.0120003348060816,0.46002078,0.5208467030450264,0.0791546283199106,0.9952882528305054,,High,,,,
0.0120003348060816,0.46002078,0.7106204189877645,0.0834949092072432,0.995294451713562,,High,,,,
0.0085469975972676,0.46002078,0.6511322082992592,0.0229947512662565,0.995288610458374,,High,,,,
0.0067339988802809,0.46002078,0.5067601475520263,0.0174410256462041,0.9952911138534546,,High,,,,
0.0054389987029913,0.46002078,0.2364033171941955,0.0062749649699456,0.9952950477600098,,High,,,,
0.0044029965195346,0.46002078,0.2504169175620007,0.0790726249913125,0.9952945709228516,,High,,,,
0.0224466867532281,0.46002078,0.2326831151824178,0.0878036306716692,0.9952958226203918,,High,,,,
0.0224466867532281,0.46002078,0.5065107875605463,0.0472036543132047,0.9952974319458008,,High,,,,
0.0241733502535726,0.46002078,0.6502404138271006,0.0028238865153292,0.9953041672706604,,High,,,,
0.0234826889366848,0.46002078,0.7636623062027412,0.004686008773733,0.995307207107544,,High,,,,
0.0230510179575362,0.46002078,0.5053209210582849,0.0028629556111932,0.9953051805496216,,High,,,,
0.0220150157740795,0.46002078,0.401902814311893,0.0070601207099574,0.9953086376190186,,High,,,,
0.0227920225157345,0.46002078,0.363631353578171,0.0081789771490591,0.9953135848045348,,High,,,,
0.0235690190492645,0.46002078,0.3637960616801365,0.0068742118579029,0.995315670967102,,High,,,,
0.0202020221611552,0.46002078,0.4993819685426732,0.022866512987985,0.995317041873932,,High,,,,
0.0154536822230205,0.46002078,0.4996976650721229,0.0276812510790219,0.995325207710266,,High,,,,
0.0115686740350579,0.46002078,0.5789508100395324,0.0145757432546477,0.9953286647796632,,High,,,,
0.0088060083512568,0.46002078,0.5479529384740089,0.0039801151036049,0.9953290224075316,,High,,,,
0.0083743424761706,0.46002078,0.5783850218169392,0.0054106773069502,0.9953283667564392,,High,,,,
0.0083743373721082,0.46002078,0.691391405202421,0.0049370148804215,0.9953336119651794,,High,,,,
0.0094103395555648,0.46002078,0.5087104125431314,0.0052430597268178,0.9953414797782898,,High,,,,
0.0104463417390215,0.46002078,0.5076203834376756,0.0054943096248812,0.995347797870636,,High,,,,
0.0111370081599718,0.46002078,0.5025267789598843,0.0090563925774562,0.9953275918960572,,High,,,,
0.011396008705836,0.46002078,0.4724574431080157,0.0029545118358236,0.995323657989502,,High,,,,
0.011396008705836,0.46002078,0.3214303238120919,0.0016125058412375,0.995323359966278,,High,,,,
0.0096693452054915,0.46002078,0.2897069452432333,0.0017580040094414,0.9953234791755676,,High,,,,
0.0090650088971209,0.46002078,0.2970752792272834,0.0042877615583496,0.9953208565711976,,High,,,,
0.0093240043389226,0.46002078,0.4229167482303636,0.0253686934425891,0.9953179955482484,,High,,,,
0.0123456807767129,0.46002078,0.4335717104241667,0.008026598854744,0.9953180551528932,,High,,,,
0.0136406784019713,0.46002078,0.4732992771263525,0.0060797907868191,0.9953209757804872,,High,,,,
0.0237416945866114,0.46002078,0.564033071519816,0.0059664916323739,0.9953188300132751,,High,,,,
0.0320296967420774,0.46002078,0.4605267893925315,0.0026112228621363,0.9953239560127258,,High,,,,
0.0354830390549538,0.46002078,0.5714890610535802,0.0011862534538764,0.9953088760375975,,High,,,,
0.042130707822655,0.46002078,0.5585081913915929,0.0021054499379304,0.9953040480613708,,High,,,,
0.0544763988074929,0.46002078,0.467925812330941,0.0062529495005031,0.995311975479126,,High,,,,
0.0687213982056474,0.46002078,0.504523071100084,0.0051364618070854,0.9953134059906006,,High,,,,
0.0687214084137723,0.46002078,0.5222746079896753,0.0049343342605144,0.9953151345252992,,High,,,,
0.0953121039008272,0.46002078,0.5057381623118999,0.0019808601194012,0.9953121542930604,,High,,,,
0.1339894847227933,0.46002078,0.5381171320202155,0.0028850856101247,0.9953068494796752,,High,,,,
0.1795735093380124,0.46002078,0.498340675998952,0.0048875997352011,0.9953001141548156,,High,,,,
0.2013295143581028,0.46002078,0.6277888245155736,0.0067885039792246,0.9952985048294068,,High,,,,
0.2204092144313466,0.46002078,0.5291646974232207,0.0395314655723621,0.995297074317932,,High,,,,
0.2351722455456042,0.46002078,0.5281612965613023,0.078999728803858,0.995287537574768,,High,,,,
0.2400069155963188,0.46002078,0.5189146056058236,0.0465433613848274,0.995289146900177,,High,,,,
0.2502805971101809,0.46002078,0.5316288850649926,0.0022361653232936,0.9952932000160216,,High,,,,
0.2599499576278598,0.46002078,0.5398265653868293,0.0017826619045337,0.995299220085144,,High,,,,
0.2682379546792633,0.46002078,0.5061844926777439,0.0039633067687368,0.9952955842018129,,High,,,,
0.2765259721469167,0.46002078,0.5234157793773193,0.0086264940631874,0.9952933192253112,,High,,,,
0.2831736256024306,0.46002078,0.6911091504337036,0.0097973384871529,0.995288074016571,,High,,,,
0.2859362912862317,0.46002078,0.4737970994930948,0.0023762344717043,0.9952911734580994,,High,,,,
0.2887853177069875,0.46002078,0.546905816855815,0.0017228207747707,0.9952876567840576,,High,,,,
0.2895622989283301,0.46002078,0.5127330034851183,0.0232518081256939,0.9952781796455384,,High,,,,
0.2930156259290191,0.46002078,0.5588827654268244,0.0069456761700723,0.9952810406684875,,High,,,,
0.2934472867000428,0.46002078,0.5843981505997362,0.0138178237165539,0.9952921867370604,,High,,,,
0.2975913158501193,0.46002078,0.5522024728625183,0.0012722685719325,0.9952846765518188,,High,,,,
0.2993179385179641,0.46002078,0.5018262869765748,0.0167843707319614,0.9952822923660278,,High,,,,
0.3006992611517398,0.46002078,0.5193323963719194,0.0631492421826905,0.9952855706214904,,High,,,,
0.3006993019842395,0.46002078,0.4935697917537709,0.031341712291749,0.99528568983078,,High,,,,
0.3006992611517398,0.46002078,0.6594189556812127,0.0109857344864857,0.9952877759933472,,High,,,,
0.3024259450683341,0.46002078,0.5077407139947169,0.0052105761858832,0.995287299156189,,High,,,,
0.2933609463793381,0.46002078,0.6099279589333946,0.1444343562334828,0.9952868819236756,,High,,,,
0.2832599250906355,0.46002078,0.5014930121242287,0.2903177695737151,0.9952895641326904,,High,,,,
0.2793748964864231,0.46002078,0.6983025272846135,0.050134980630838,0.9952898025512696,,High,,,,
0.2723818817480906,0.46002078,0.604029436244673,0.0078666975050085,0.9952887296676636,,High,,,,
0.2723818817480906,0.46002078,0.510088696987605,0.0046400345637628,0.9952909350395204,,High,,,,
0.2647845664298247,0.46002078,0.5637309528545302,0.0032666999991722,0.9952877163887024,,High,,,,
0.2622809012918877,0.46002078,0.5774695860760402,0.0045029492005077,0.995283544063568,,High,,,,
0.2429422210890296,0.46002078,0.5523589429023559,0.0020849749539094,0.995283544063568,,High,,,,
0.2097901716346659,0.46002078,0.5088502235670148,0.0021270802568546,0.9952845573425292,,High,,,,
0.1727531344085895,0.46002078,0.4816639171542192,0.0024443654791186,0.9952846765518188,,High,,,,
0.1561771403057824,0.46002078,0.5215938942388446,0.0025254048436331,0.9952808618545532,,High,,,,
0.140982468836751,0.46002078,0.4945045391298435,0.0037670430288521,0.995274305343628,,High,,,,
0.1282914420894067,0.46002078,0.5299015530443285,0.0035077233397932,0.9952775239944458,,High,,,,
0.1244064339014442,0.46002078,0.5160972349993245,0.0028467179328327,0.9952737092971802,,High,,,,
0.1189674326464216,0.46002078,0.5033832226834823,0.0019929676708646,0.9952698349952698,,High,,,,
0.1140464426912522,0.46002078,0.5478641851021167,0.0017992937883766,0.9952749013900756,,High,,,,
0.1085210909074,0.46002078,0.5025786105696397,0.0025330303234614,0.995276927947998,,High,,,,
0.1020460772607958,0.46002078,0.4708524829628004,0.0020397032944762,0.995279848575592,,High,,,,
0.0992834115769946,0.46002078,0.5216888588924122,0.001823864759934,0.995273768901825,,High,,,,
0.0992834217851196,0.46002078,0.4929352507417207,0.0051027786900734,0.9952802658081056,,High,,,,
0.0981610894890832,0.46002078,0.5102417295613123,0.0096868742388737,0.9952858686447144,,High,,,,
0.0981610792809582,0.46002078,0.5568184881557044,0.0184115890245581,0.995284616947174,,High,,,,
0.0970387367767969,0.46002078,0.5494707529083825,0.3358599602884818,0.9952828884124756,,High,,,,
0.0993697518976993,0.46002078,0.5642079648561775,0.7489359717868023,0.9952799081802368,,High,,,,
0.0969524168723421,0.46002078,0.4941565476755385,0.9961459552263676,0.99527907371521,,High,,,,
0.0980747389602535,0.46002078,0.6763650198670804,0.996836651156801,0.9952795505523682,,High,,,,
0.1001467535352918,0.46002078,0.529449386322085,0.9918123267940236,0.9952766299247742,,High,,,,
0.1040317821395042,0.46002078,0.357934611235396,0.9954318945762392,0.9952739477157592,,High,,,,
0.1064490967486116,0.46002078,0.3415460449221428,0.9883011788310556,0.9952740669250488,,High,,,,
0.107571429044648,0.46002078,0.583443433906359,0.9916999478333194,0.995270311832428,,High,,,,
0.1117154479865997,0.46002078,0.5020590246825578,0.9904153165476248,0.99526709318161,,High,,,,
0.1218164488590524,0.46002078,0.4789236634998816,0.985294032938994,0.995267391204834,,High,,,,
0.12570144683889,0.46002078,0.5062420160225429,0.9999950210743976,0.9952671527862548,,High,,,,
0.1312267884146173,0.46002078,0.4958967432274022,0.9999944055362971,0.9952678680419922,,High,,,,
0.1243201139969894,0.46002078,0.5478781544567026,0.999999131708509,0.9952629804611206,,High,,,,
0.1259604575928791,0.46002078,0.452743678583647,0.9696976000564522,0.9952674508094788,,High,,,,
0.1176724503333506,0.46002078,0.4474952834737451,0.9779751371350206,0.9952678680419922,,High,,,,
0.1160321067374609,0.46002078,0.3666801364777711,0.9885094630888784,0.995272934436798,,High,,,,
0.1143917733496962,0.46002078,0.4145192394336845,0.9999865290928164,0.9952712059020996,,High,,,,
0.1143917631415712,0.46002078,0.4549136553435801,0.996384693222577,0.9952720403671264,,High,,,,
0.1143917733496962,0.46002078,0.5435298063344818,0.9999973824614168,0.9952682852745056,,High,,,,
0.1171544390334973,0.46002078,0.7466802978655972,0.999998768017452,0.9952762126922609,,High,,,,
0.1199171047172985,0.46002078,0.6264270187977332,0.9689192683693902,0.9952812790870668,,High,,,,
0.1223344397426558,0.46002078,0.7083852315034447,0.969706888860288,0.9952887296676636,,High,,,,
0.1257877667433448,0.46002078,0.5030871064783726,0.9715182319790848,0.9952962398529052,,High,,,,
0.130708777114764,0.46002078,0.5028822940178429,0.9963647765012832,0.9952836632728576,,High,,,,
0.1380471633440402,0.46002078,0.4881388586189132,0.9954263435519412,0.9952792525291444,,High,,,,
0.1463351603954437,0.46002078,0.4965985667316999,0.999987181934536,0.9952824711799622,,High,,,,
0.1525511734961838,0.46002078,0.4938458484633884,0.993780746037423,0.9952791333198548,,High,,,,
0.161875172731044,0.46002078,0.5092920009942646,0.990156319858851,0.995275855064392,,High,,,,
0.1711991719659042,0.46002078,0.544751356258348,0.982794953537776,0.9952734708786012,,High,,,,
0.1814728534797663,0.46002078,0.4653908720258413,0.9930214437197378,0.9952763915061952,,High,,,,
0.1929551769859946,0.46002078,0.5008519535887218,0.9999877458455372,0.9952746629714966,,High,,,,
0.2022791966371047,0.46002078,0.5230740057965021,0.9999983568219892,0.9952767491340636,,High,,,,
0.2096175318257562,0.46002078,0.5301580209642452,0.9956916884024306,0.99527245759964,,High,,,,
0.2140205411054471,0.46002078,0.6026241443965773,0.9863111815682084,0.9952679872512816,,High,,,,
0.2202365542061871,0.46002078,0.5804513999377833,0.5847194163856883,0.9952699542045592,,High,,,,
0.2284382313531359,0.46002078,0.5055074790127377,0.9697108227332206,0.9952678680419922,,High,,,,
0.2315462583197558,0.46002078,0.5180283797788433,0.9383863269986874,0.9952661991119384,,High,,,,
0.2377622510042459,0.46002078,0.3244614482647001,0.9913619229671908,0.9952651262283324,,High,,,,
0.2426832409594153,0.46002078,0.4469857749626698,0.9697185389963344,0.9952635765075684,,High,,,,
0.2446689254218738,0.46002078,0.5726582624320146,0.978423607079326,0.9952616691589355,,High,,,,
0.2573599113367183,0.46002078,0.4966372227677794,0.9584642809545082,0.9952582716941832,,High,,,,
0.2664248896094645,0.46002078,0.5034769169738088,0.9277924585028882,0.9952626824378968,,High,,,,
0.2754899291309603,0.46002078,0.5972507016151214,0.9800496407354816,0.995262622833252,,High,,,,
0.2837779261823638,0.46002078,0.4131878453652737,0.9944510507536164,0.9952661395072936,,High,,,,
0.2920659436500172,0.46002078,0.4151540464823692,0.9999823480374576,0.9952619671821594,,High,,,,
0.3019942842973104,0.46002078,0.532282237650361,0.9873024517769116,0.9952637553215028,,High,,,,
0.3171026154456372,0.46002078,0.5951121109345877,0.9883053288853302,0.9952628016471864,,High,,,,
0.3278943184674774,0.46002078,0.5489417192809924,0.9337279355233606,0.9952710270881652,,High,,,,
0.3473193185747903,0.46002078,0.5890976636177584,0.9793655022912984,0.9952588081359864,,High,,,,
0.3549166951418058,0.46002078,0.6639954198736633,0.9958892692326542,0.9952598810195924,,High,,,,
0.3700250058738827,0.46002078,0.4970348650982487,0.9950356525089764,0.9952672719955444,,High,,,,
0.3866010408091895,0.46002078,0.5629073990504126,0.9999971174303128,0.9952692985534668,,High,,,,
0.3930760544557937,0.46002078,0.5680646229460862,0.9999952137969624,0.9952681064605712,,High,,,,
0.3995510681023979,0.46002078,0.50075910050493,0.9914724657018557,0.9952657222747804,,High,,,,
0.4015367117323567,0.46002078,0.5056058430490339,0.9999876988666972,0.9952623844146729,,High,,,,
0.3997237079113075,0.46002078,0.5014234086585702,0.9974698551199528,0.9952617287635804,,High,,,,
0.3979107040902583,0.46002078,0.5017847028928145,0.983502534433272,0.9952608942985536,,High,,,,
0.3910040092563806,0.46002078,0.5069398472167221,0.9962252672086144,0.995254933834076,,High,,,,
0.3855650386257328,0.46002078,0.5036070610671801,0.9948378476704256,0.9952497482299804,,High,,,,
0.3801260271625852,0.46002078,0.5038754341675429,0.992517463152189,0.9952484965324402,,High,,,,
0.3725286505955698,0.46002078,0.4975611191202688,0.9944083946406044,0.9952445030212402,,High,,,,
0.367089679964922,0.46002078,0.5078297308231412,0.9937507737683012,0.995242953300476,,High,,,,
0.3621686695935028,0.46002078,0.5013685381949927,0.9863325853678252,0.99524188041687,,High,,,,
0.359060622210633,0.46002078,0.501665190374979,0.9883543804293194,0.9952405691146852,,High,,,,
0.3556073360424437,0.46002078,0.5900452558125835,0.9810644005175028,0.9952389001846312,,High,,,,
0.3501682837467965,0.46002078,0.4598106367276884,0.9859375303247854,0.995237112045288,,High,,,,
0.3501682837467965,0.46002078,0.5036500775423406,0.9825051246343502,0.995229959487915,,High,,,,
0.3501683654117959,0.46002078,0.765102784328701,0.1143825278929396,0.9952336549758912,,High,,,,
0.3501682837467965,0.46002078,0.3620045279109036,0.0790600405973332,0.9952348470687866,,High,,,,
0.3481826401168377,0.46002078,0.6162043733391328,0.0063366933779682,0.9952391386032104,,High,,,,
0.3436933517651918,0.46002078,0.5474907758856715,0.0407414910539158,0.9952452182769777,,High,,,,
0.3415349866613238,0.46002078,0.4879423871971085,0.0754336444983082,0.99524986743927,,High,,,,
0.3355780149389477,0.46002078,0.5244085696613183,0.0791053554850896,0.9952580332756042,,High,,,,
0.3310886449223023,0.46002078,0.5032300063161528,0.0795618537317123,0.99525785446167,,High,,,,
0.3265993157381566,0.46002078,0.5406531467147033,0.036409427664949,0.9952651262283324,,High,,,,
0.3242683108253791,0.46002078,0.5717457978520543,0.079143439145366,0.995271623134613,,High,,,,
0.3190882999080957,0.46002078,0.5804667757183779,0.0389813144892701,0.99527770280838,,High,,,,
0.3120952851697632,0.46002078,0.593589013518067,0.0064263672083388,0.9952820539474488,,High,,,,
0.2995769390638282,0.46002078,0.4840428817460633,0.0105847031796848,0.9952816367149352,,High,,,,
0.2936199673414521,0.46002078,0.503267735777274,0.0371835359737011,0.9952735900878906,,High,,,,
0.2819649427775645,0.46002078,0.5692044844035992,0.0151089241370025,0.995268940925598,,High,,,,
0.2703099386299268,0.46002078,0.4864050524949562,0.0015909017156107,0.99527245759964,,High,,,,
0.2658205890295312,0.46002078,0.5711424941837322,0.0038925352941303,0.99527245759964,,High,,,,
0.2593455957991769,0.46002078,0.5374018755126598,0.017746394824853,0.9952712655067444,,High,,,,
0.2593455957991769,0.46002078,0.2696971729968482,0.0151312976109208,0.9952709078788756,,High,,,,
0.2611585996202261,0.46002078,0.6306703384066168,0.0057929936320401,0.9952679872512816,,High,,,,
0.2611585996202261,0.46002078,0.524518879971913,0.0023956808318055,0.995266854763031,,High,,,,
0.2680652740378539,0.46002078,0.5734578434668947,0.0016934698201048,0.9952670335769652,,High,,,,
0.2715185806222931,0.46002078,0.4873812891602569,0.0020953969329519,0.9952659010887146,,High,,,,
0.2731589242181828,0.46002078,0.5191399210454108,0.0617591937313449,0.9952717423439026,,High,,,,
0.2731589038019329,0.46002078,0.5705979009740986,0.0142662216590649,0.9952749609947203,,High,,,,
0.2731589242181828,0.46002078,0.4987620832579296,0.0033599994992021,0.9952820539474488,,High,,,,
0.2746265871726631,0.46002078,0.5389166420251342,0.0211001120694051,0.9952876567840576,,High,,,,
0.2760942501271434,0.46002078,0.546425409922813,0.0097420432574023,0.995291531085968,,High,,,,
0.2722092419391809,0.46002078,0.5199587340930519,0.017931260487975,0.9952930808067322,,High,,,,
0.2665975702508739,0.46002078,0.4780710039045971,0.0299505044690063,0.9952923655509948,,High,,,,
0.2610722184670216,0.46002078,,0.0070905149432793,0.9952828288078308,,High,,,,
0.2527842009993682,0.46002078,,0.0237841530056984,0.9952760338783264,,High,,,,
0.2444962039479647,0.46002078,,0.0249469863828417,0.9952669739723206,,High,,,,
0.2371578687593132,0.46002078,,0.05467050149594,0.9952628016471864,,High,,,,
0.2289561916123645,0.46002078,,0.011758657758542,0.9952527284622192,,High,,,,
0.2220495376109865,0.46002078,,0.0458673563454949,0.995248556137085,,High,,,,
0.2220495171947366,0.46002078,,0.0521884153403868,0.9952511191368104,,High,,,,
0.2182508697437286,0.46002078,,0.0097897203856028,0.9952503442764282,,High,,,,
0.2128118582805811,0.46002078,,0.01220431797429,0.9952584505081176,,High,,,,
0.2024518160297644,0.46002078,,0.0059056059819601,0.995252013206482,,High,,,,
0.1886384876107586,0.46002078,,0.0013381978894053,0.9952595829963684,,High,,,,
0.1804368104638098,0.46002078,,0.0002108850044275,0.9952455163002014,,High,,,,
0.1711128112289496,0.46002078,,0.0011258243650658,0.995238721370697,,High,,,,
0.1638607959447529,0.46002078,,0.0090457250267754,0.9952398538589478,,High,,,,
0.1620478125399536,0.46002078,,0.006370890554334,0.9952379465103148,,High,,,,
0.1640334765861623,0.46002078,,0.0025680117948539,0.9952391982078552,,High,,,,
0.1710264913244948,0.46002078,,0.0008369692580947,0.9952456951141356,,High,,,,
0.1692134875034457,0.46002078,,0.000456737089347,0.9952449798583984,,High,,,,
0.1788828276048747,0.46002078,,0.0005429130181299,0.995251476764679,,High,,,,
0.1808685120673333,0.46002078,,0.0009354113820137,0.9952534437179564,,High,,,,
0.1846671595183412,0.46002078,,0.0012584956459693,0.9952492713928224,,High,,,,
0.184667200350841,0.46002078,,0.0011113361674132,0.9952548146247864,,High,,,,
0.1888112090846677,0.46002078,,0.0009988842384051,0.9952574372291564,,High,,,,
0.1947681808070438,0.46002078,,0.0004577122879654,0.9952497482299804,,High,,,,
0.2023655165415595,0.46002078,,0.0002694055779931,0.9952462315559388,,High,,,,
0.2099628726923251,0.46002078,,8.598033137615365e-05,0.9952462315559388,,High,,,,
0.2175601880105909,0.46002078,,3.648215700682083e-05,0.9952445030212402,,High,,,,
0.2229991994737385,0.46002078,,0.0289880853148659,0.9952425956726074,,High,,,,
0.2303375550786399,0.46002078,,0.1965645780428646,0.9952349662780762,,High,,,,
0.2413882178138446,0.46002078,,0.0008865088492773,0.995225429534912,,High,,,,
0.2469135695976968,0.46002078,,2.294675826350057e-05,0.9952259063720704,,High,,,,
0.2759216307344837,0.46002078,,0.0001178763739896,0.9952215552330016,,High,,,,
0.2931883065704285,0.46002078,,0.0060411684728297,0.9952203035354614,,High,,,,
0.3070016349894343,0.46002078,,0.0014703196559083,0.9952315092086792,,High,,,,
0.3196926209042789,0.46002078,,0.0003020513946833,0.9952492713928224,,High,,,,
0.3287576400095248,0.46002078,,2.9395768986939127e-05,0.9952603578567504,,High,,,,
0.3347146117319009,0.46002078,,0.0003645159283179,0.9952437877655028,,High,,,,
0.3385133000154086,0.46002078,,0.0029200176546881,0.995244026184082,,High,,,,
0.3419666270160976,0.46002078,,0.0035127157791741,0.9952529072761536,,High,,,,
0.3501682837467965,0.46002078,,0.0032004531007807,0.9952511191368104,,High,,,,
0.3575066597679477,0.46002078,,0.0013803223734969,0.995255410671234,,High,,,,
0.3678666407700148,0.46002078,,0.0020669694104911,0.9952595829963684,,High,,,,
0.3733920129701168,0.46002078,,0.0022914687851149,0.9952634572982788,,High,,,,
0.3824570320753628,0.46002078,,0.0091134905992835,0.9952619075775146,,High,,,,
0.382456991242863,0.46002078,,0.0197228042984275,0.9952593445777892,,High,,,,
0.3770180206122152,0.46002078,,0.0538575174113598,0.9952470064163208,,High,,,,
0.3662263584228747,0.46002078,,0.0030501420389308,0.995250642299652,,High,,,,
0.3662263584228747,0.46002078,,0.0061943057669131,0.9952440857887268,,High,,,,
0.3527582892054381,0.46002078,,0.0018184250792879,0.9952509999275208,,High,,,,
0.3458516352040602,0.46002078,,0.0020394453578334,0.9952588081359864,,High,,,,
0.3389449812026822,0.46002078,,0.0022248623850988,0.9952598810195924,,High,,,,
0.3320383272013041,0.46002078,,0.0017572633895153,0.995255172252655,,High,,,,
0.3205559832788259,0.46002078,,0.0014509320860005,0.9952588081359864,,High,,,,
0.3101959614442592,0.46002078,,0.0014263401138721,0.9952547550201416,,High,,,,
0.2998359396096924,0.46002078,,0.0031302318468114,0.995252251625061,,High,,,,
0.2894759381913755,0.46002078,,0.0039222423400101,0.9952453374862672,,High,,,,
0.2804109190861296,0.46002078,,0.0055811302233722,0.995246410369873,,High,,,,
0.2710869198512695,0.46002078,,0.0029935486253033,0.9952386617660522,,High,,,,
0.2648709271667793,0.46002078,,0.5385625438469019,0.9952351450920104,,High,,,,
0.2579642527491514,0.46002078,,0.0950765709302893,0.9952325820922852,,High,,,,
0.252438921381549,0.46002078,,0.0323239555253601,0.9952201247215272,,High,,,,
0.2243805016912642,0.46002078,,0.0365059001976764,0.9952101707458496,,High,,,,
0.2071138462715694,0.46002078,,0.0022802974956464,0.9952114820480348,,High,,,,
0.1944228195242251,0.46002078,,0.0017940458977218,0.9952235221862792,,High,,,,
0.1844944992931817,0.46002078,,0.0018182860031121,0.995227575302124,,High,,,,
0.175429459771686,0.46002078,,0.0045134858558512,0.9952325820922852,,High,,,,
0.1663644610826899,0.46002078,,0.0014469240593595,0.9952211976051332,,High,,,,
0.1609254700357923,0.46002078,,0.0010689803326736,0.9952262043952942,,High,,,,
0.1574721430351033,0.46002078,,0.0273845485338025,0.9952138662338256,,High,,,,
0.1536734751678454,0.46002078,,0.0068147240547249,0.9952157139778136,,High,,,,
0.1502201277509065,0.46002078,,0.0024250159761591,0.9952198266983032,,High,,,,
0.1460761394333297,0.46002078,,0.001906582899824,0.9952138662338256,,High,,,,
0.14443579583744,0.46002078,,0.0106524775793845,0.995209574699402,,High,,,,
0.1382198031529498,0.46002078,,0.006616856134248,0.9952003955841064,,High,,,,
0.1400327865577491,0.46002078,,0.0041117853862983,0.9952016472816468,,High,,,,
0.1454718184371466,0.46002078,,0.0009992675584539,0.9952011108398438,,High,,,,
0.1472848222581957,0.46002078,,0.0009286481098645,0.9951927065849304,,High,,,,
0.149097805662995,0.46002078,,0.0056344876572696,0.9951846599578856,,High,,,,
0.1528964939465028,0.46002078,,0.0028196149237954,0.995183765888214,,High,,,,
0.1619615130517487,0.46002078,,0.0028888012910239,0.9951933026313782,,High,,,,
0.163429176006229,0.46002078,,0.0019181818397438,0.9951809644699096,,High,,,,
0.162134193693158,0.46002078,,0.0073346756469142,0.9951748847961426,,High,,,,
0.1632564953648196,0.46002078,,0.0206198944591411,0.9951798915863036,,High,,,,
0.1632564953648196,0.46002078,,0.0005050188485814,0.9951834082603456,,High,,,,
0.1645515185103904,0.46002078,,0.0234225562867904,0.9951805472373962,,High,,,,
0.1645514980941405,0.46002078,,0.0028463609099351,0.995194375514984,,High,,,,
0.1632564545323199,0.46002078,,0.0025923437906318,0.9952050447463988,,High,,,,
0.1623067926695679,0.46002078,,0.2286110257050591,0.9951956868171692,,High,,,,
0.1636017953988887,0.46002078,,0.760658737551712,0.9952009916305542,,High,,,,
0.174997839833162,0.46002078,,0.9696973743270104,0.995205581188202,,High,,,,
0.1864802041718901,0.46002078,,0.9844941763804956,0.9952224493026732,,High,,,,
0.1903652123598527,0.46002078,,0.9684613396261094,0.9952340722084044,,High,,,,
0.1968402260064569,0.46002078,,0.9718637894651164,0.9952380657196044,,High,,,,
0.1996028712740082,0.46002078,,0.9696848757734392,0.9952296018600464,,High,,,,
0.1996028508577583,0.46002078,,0.9826504564964896,0.99524188041687,,High,,,,
0.1996028712740082,0.46002078,,0.9754733700445516,0.9952438473701476,,High,,,,
0.197185526040526,0.46002078,,0.969676594898972,0.995244026184082,,High,,,,
0.1923508355735616,0.46002078,,0.969712447997273,0.9952417016029358,,High,,,,
0.1875161655228471,0.46002078,,0.9861283234660132,0.9952524304389954,,High,,,,
0.1810411722924927,0.46002078,,0.9824166340521028,0.9952569603919984,,High,,,,
0.1762064818255283,0.46002078,,0.9896113741940452,0.995274543762207,,High,,,,
0.1679184847741248,0.46002078,,0.9901308832681888,0.9952799677848816,,High,,,,
0.1630838147234103,0.46002078,,0.9886869990196692,0.9952818751335144,,High,,,,
0.1610117899402471,0.46002078,,0.981133921023442,0.9952880144119264,,High,,,,
0.1527237928888435,0.46002078,,0.969715847230772,0.9952939748764038,,High,,,,
0.1424501113749815,0.46002078,,0.9789301646654468,0.995303213596344,,High,,,,
0.135111765978205,0.46002078,,0.9884198794359736,0.9953094720840454,,High,,,,
0.1277734409976784,0.46002078,,0.9737959379614798,0.9953153133392334,,High,,,,
0.1184494213465683,0.46002078,,0.9905512253432216,0.9953165650367736,,High,,,,
0.1069670774240901,0.46002078,,0.9910857592964932,0.9953197240829468,,High,,,,
0.1030820794442525,0.46002078,,0.9851697018088996,0.9952961802482604,,High,,,,
0.1019597471482161,0.46002078,,0.9711144721761028,0.9952971339225768,,High,,,,
0.1008374046440547,0.46002078,,0.9765618907309844,0.9952852725982666,,High,,,,
0.0997150621398934,0.46002078,,0.9725748995282344,0.9952859282493592,,High,,,,
0.0972977271145361,0.46002078,,0.9771303395084252,0.995288074016571,,High,,,,
0.0961753846103747,0.46002078,,0.990653548726482,0.9952890276908876,,High,,,,
0.0950530625224633,0.46002078,,0.9827493452354724,0.9952825903892516,,High,,,,
0.0960027345933402,0.46002078,,0.9738278648925448,0.995278775691986,,High,,,,
0.0935853995679829,0.46002078,,0.9794894033850878,0.9952883720397948,,High,,,,
0.0797720609408521,0.46002078,,0.986662976560846,0.9953063130378724,,High,,,,
0.0707070622518561,0.46002078,,0.9864852689641534,0.9952893257141112,,High,,,,
0.0692393890892508,0.46002078,,0.927711944934539,0.995279848575592,,High,,,,
0.0827074072660626,0.46002078,,0.9696868106237132,0.9952784180641174,,High,,,,
0.0978157588306392,0.46002078,,0.988323599244522,0.9952747225761414,,High,,,,
0.1157730959834718,0.46002078,,0.969728200521851,0.9952639937400818,,High,,,,
0.1351981165070346,0.46002078,,0.9881013633603316,0.9952611923217772,,High,,,,
0.1570405230965793,0.46002078,,0.9818698777042656,0.9952644109725952,,High,,,,
0.1798325507163763,0.46002078,,0.9921115802639988,0.9952664375305176,,High,,,,
0.2026245579199234,0.46002078,,0.9697302605606865,0.9952518343925476,,High,,,,
0.2254165651234705,0.46002078,,0.9697124496226992,0.9952986836433412,,High,,,,
0.2482085723270176,0.46002078,,0.9702300359972206,0.9952967166900636,,High,,,,
0.2710005795305648,0.46002078,,0.9773475947850344,0.9952982664108276,,High,,,,
0.2937926683991114,0.46002078,,0.9888257855258952,0.9953152537345886,,High,,,,
0.3165846960189084,0.46002078,,0.981154886181448,0.9953193068504332,,High,,,,
0.3393767032224554,0.46002078,,0.9848991093468612,0.995330810546875,,High,,,,
0.3621687512585023,0.46002078,,0.9933036497035624,0.9953334331512452,,High,,,,
0.3840110761830475,0.46002078,,0.9883839262127988,0.995332658290863,,High,,,,
0.4058534827725922,0.46002078,,0.9920398979924452,0.9953311085700988,,High,,,,
0.4276957668646378,0.46002078,,0.9696802035018358,0.9953275322914124,,High,,,,
0.449538091789183,0.46002078,,0.9697290982066448,0.9953283071517944,,High,,,,
0.4713804983787277,0.46002078,,0.9697130847968628,0.9953202605247498,,High,,,,
0.493222823303273,0.46002078,,0.9794543167155916,0.995315432548523,,High,,,,
0.515065189060318,0.46002078,,0.9853922323745108,0.9953076243400574,,High,,,,
0.536907554817363,0.46002078,,0.9919428470975798,0.9953009486198424,,High,,,,
0.5587498389094084,0.46002078,,0.9697025077092832,0.9953104257583618,,High,,,,
0.5805923679964524,0.46002078,,0.9789846402761802,0.9953118562698364,,High,,,,
0.6024346929209976,0.46002078,,0.9817155198247518,0.995307445526123,,High,,,,
0.6242770586780426,0.46002078,,0.98315646831504,0.9952974319458008,,High,,,,
0.6461194244350876,0.46002078,,0.9908423607080796,0.9952788352966307,,High,,,,
0.6679617901921325,0.46002078,,0.9879902638466724,0.9952709078788756,,High,,,,
0.6873867902994455,0.46002078,,0.9708308893645576,0.9952663779258728,,High,,,,
0.7068118720717579,0.46002078,,0.969712041764601,0.9952584505081176,,High,,,,
0.709660837243764,0.46002078,,0.981678953198852,0.9952776432037354,,High,,,,
0.709660837243764,0.46002078,,0.0748704184418777,0.9952796697616576,,High,,,,
0.7068118720717579,0.46002078,,0.0350051562089391,0.9952800869941713,,High,,,,
0.7039628252347523,0.46002078,,0.0409847504497874,0.9952766299247742,,High,,,,
0.6984375346996496,0.46002078,,0.0500544447963934,0.9952756762504578,,High,,,,
0.695588487862644,0.46002078,,0.0651152431746636,0.9952796697616576,,High,,,,
0.6900631973275415,0.46002078,,0.0642669479413046,0.9952802062034608,,High,,,,
0.6845378251274393,0.46002078,,0.0516540875590649,0.9952773451805116,,High,,,,
0.6845378251274393,0.46002078,,0.0574558694294632,0.995272159576416,,High,,,,
0.6845377434624399,0.46002078,,0.0790250467309082,0.9952683448791504,,High,,,,
0.6845377434624399,0.46002078,,0.0608832987591446,0.9952672123908995,,High,,,,
0.6816887782904337,0.46002078,,0.0864489923577458,0.9952524304389954,,High,,,,
0.6788398131184277,0.46002078,,0.0380689970531449,0.9952455759048462,,High,,,,
0.6759908479464215,0.46002078,,0.0330722524645045,0.9952467679977416,,High,,,,
0.6731418011094159,0.46002078,,0.0547137987511982,0.9952343106269836,,High,,,,
0.6702928359374098,0.46002078,,0.3915109634077292,0.9952231645584106,,High,,,,
0.6674437891004043,0.46002078,,0.2691025699019058,0.9952256083488464,,High,,,,
0.6674437891004043,0.46002078,,0.2435386648942445,0.9952213764190674,,High,,,,
0.6674437074354047,0.46002078,,0.083891277976788,0.99521666765213,,High,,,,
0.6674437891004043,0.46002078,,0.0594627184352813,0.9952142238616944,,High,,,,
0.6674437891004043,0.46002078,,0.1189979368127385,0.9952052235603333,,High,,,,
0.6645948239283981,0.46002078,,0.0746316622046607,0.9951924681663512,,High,,,,
0.6617457770913925,0.46002078,,0.074632854790624,0.995184600353241,,High,,,,
0.6588967302543869,0.46002078,,0.0685510578436867,0.995181679725647,,High,,,,
0.6560476834173813,0.46002078,,0.0726429936718083,0.995178759098053,,High,,,,
0.6531986365803757,0.46002078,,0.0631478396120632,0.9951776266098022,,High,,,,
0.6503497530733691,0.46002078,,0.0599295223565918,0.9951757192611694,,High,,,,
0.6475007062363635,0.46002078,,0.0578121704759756,0.9951742887496948,,High,,,,
0.6446517818968571,0.46002078,,0.0335527306164087,0.995173156261444,,High,,,,
0.6418026942273518,0.46002078,,0.0316621822870709,0.9951730966567992,,High,,,,
0.6418026942273518,0.46002078,,0.0445413807761337,0.9951841831207277,,High,,,,
0.6446515777343584,0.46002078,,0.0153427479746909,0.995192527770996,,High,,,,
0.6475005837388643,0.46002078,,0.026352404539613,0.9951953887939452,,High,,,,
0.6503496714083696,0.46002078,,0.0340989249835792,0.9951988458633424,,High,,,,
0.6558749619434723,0.46002078,,0.0347489627804817,0.9952003359794616,,High,,,,
0.6587240087804779,0.46002078,,0.0509244690653929,0.9952154755592346,,High,,,,
0.66424938098058,0.46002078,,0.0572757301449367,0.9952197670936584,,High,,,,
0.6697746715156825,0.46002078,,0.0475895835671433,0.9952211380004884,,High,,,,
0.6697746715156825,0.46002078,,0.0461915591299992,0.9952211380004884,,High,,,,
0.6697746715156825,0.46002078,,0.0507446397816468,0.9952154755592346,,High,,,,
0.6697746715156825,0.46002078,,0.0524014945649799,0.9952141642570496,,High,,,,
0.6726237183526881,0.46002078,,0.0544207683026786,0.9952153563499452,,High,,,,
0.6754726835246943,0.46002078,,0.0503531456005612,0.9952129125595092,,High,,,,
0.6783217303616998,0.46002078,,0.0419829608202601,0.9952182769775392,,High,,,,
0.6811706955337059,0.46002078,,0.0840711004977193,0.9952152967453004,,High,,,,
0.6840196607057121,0.46002078,,0.1469386595593937,0.9952155947685242,,High,,,,
0.6868687075427177,0.46002078,,0.3502442738596084,0.9952059984207152,,High,,,,
0.6868687075427177,0.46002078,,0.0990942350141695,0.9952014684677124,,High,,,,
0.6868687075427177,0.46002078,,0.0923942815333804,0.9951946139335632,,High,,,,
0.6868687075427177,0.46002078,,0.083764715025765,0.9952033758163452,,High,,,,
0.6868687075427177,0.46002078,,0.0903031865364048,0.9952020645141602,,High,,,,
0.6897176727147238,0.46002078,,0.6159089471581218,0.9951995611190796,,High,,,,
0.6925667195517294,0.46002078,,0.4999702565098283,0.9951989054679872,,High,,,,
0.695415766388735,0.46002078,,0.4151865740473648,0.9951913952827454,,High,,,,
0.6982648132257406,0.46002078,,0.0282495874076029,0.9951887130737304,,High,,,,
0.695588487862644,0.46002078,,0.0426074193073379,0.9951881170272828,,High,,,,
0.6929121624995476,0.46002078,,0.1224369205164615,0.99518084526062,,High,,,,
0.6902358371364511,0.46002078,,0.1017293882174431,0.9951831102371216,,High,,,,
0.6875595117733546,0.46002078,,0.2254638238478875,0.9951862692832948,,High,,,,
0.6904085586103602,0.46002078,,0.0912038496731535,0.9951766729354858,,High,,,,
0.6823795008560712,0.46002078,,0.057982053348993,0.9951714277267456,,High,,,,
0.6795305356840651,0.46002078,,0.0440415604652241,0.9951667189598083,,High,,,,
0.6795305356840651,0.46002078,,0.1469815409464542,0.995160698890686,,High,,,,
0.6795305356840651,0.46002078,,0.0791107826314967,0.9951735138893129,,High,,,,
0.6795304540190656,0.46002078,,0.0402102747826721,0.9951757192611694,,High,,,,
0.6795304540190656,0.46002078,,0.0382725633156525,0.9951745867729188,,High,,,,
0.6766814888470595,0.46002078,,0.060033982239856,0.9951882362365724,,High,,,,
0.67668140718206,0.46002078,,0.0617341949038193,0.9951842427253724,,High,,,,
0.6663214670124927,0.46002078,,0.0672971878821164,0.995201289653778,,High,,,,
0.6663214670124927,0.46002078,,0.0656245063524195,0.995205283164978,,High,,,,
0.6663213853474933,0.46002078,,0.0821940888256399,0.9952061772346495,,High,,,,
0.6634724201754871,0.46002078,,0.0833264560872871,0.9952196478843688,,High,,,,
0.6606234550034811,0.46002078,,0.0677887943027597,0.9952259659767152,,High,,,,
0.6577744898314749,0.46002078,,0.3795489178303117,0.995231032371521,,High,,,,
0.6549254429944693,0.46002078,,0.1605548053301201,0.9952315092086792,,High,,,,
0.6520764778224633,0.46002078,,0.2515636143512808,0.995223104953766,,High,,,,
0.6492274309854577,0.46002078,,0.1045114702749706,0.995241105556488,,High,,,,
0.6463784658134515,0.46002078,,0.1538125379750602,0.9952507615089417,,High,,,,
0.6463784249809518,0.46002078,,0.1008519823550522,0.9952529668807985,,High,,,,
0.6435294598089456,0.46002078,,0.0362565797427972,0.9952725768089294,,High,,,,
0.6435294598089456,0.46002078,,0.0339120427777765,0.9952812790870668,,High,,,,
0.6406803721394403,0.46002078,,0.2714820547127232,0.9952866435050964,,High,,,,
0.6378314069674342,0.46002078,,0.0853355760270732,0.9952849745750428,,High,,,,
0.6349824417954281,0.46002078,,0.0565609197518878,0.995287299156189,,High,,,,
0.6321334357909222,0.46002078,,0.0582722017210294,0.9952889680862428,,High,,,,
0.6348098019865185,0.46002078,,0.0448389225410595,0.9952875971794128,,High,,,,
0.6374860865171152,0.46002078,,0.0736053659656591,0.9952808618545532,,High,,,,
0.6401623302152122,0.46002078,,0.0436525457909903,0.995276153087616,,High,,,,
0.6428386555783088,0.46002078,,0.0839962551875446,0.9952675700187684,,High,,,,
0.6399896904063026,0.46002078,,0.0627864480687403,0.9952620267868042,,High,,,,
0.645169701323586,0.46002078,,0.0734944251522274,0.9952577948570251,,High,,,,
0.6480187073280919,0.46002078,,0.1110721200057157,0.9952507615089417,,High,,,,
0.6451696196585865,0.46002078,,0.1278368457083965,0.9952409863471984,,High,,,,
0.6423206544865804,0.46002078,,0.1645681777310284,0.995237410068512,,High,,,,
0.639471730147074,0.46002078,,0.2325165479659646,0.9952142238616944,,High,,,,
0.6394716484820745,0.46002078,,0.053409995021573,0.9952211976051332,,High,,,,
0.639471730147074,0.46002078,,0.0596105405156259,0.995220959186554,,High,,,,
0.6339462762819724,0.46002078,,0.0897080684925195,0.9952270984649658,,High,,,,
0.6414573737770328,0.46002078,,0.0631099041701145,0.9952269196510316,,High,,,,
0.6386083677725269,0.46002078,,0.0595574777342598,0.995226263999939,,High,,,,
0.6386082861075275,0.46002078,,0.0503870223101763,0.9952243566513062,,High,,,,
0.6386082861075275,0.46002078,,0.0597780559199187,0.995228350162506,,High,,,,
0.6386082861075275,0.46002078,,0.067688420210527,0.9952337741851808,,High,,,,
0.6386083269400272,0.46002078,,0.0503634386267194,0.9952325224876404,,High,,,,
0.6386083269400272,0.46002078,,0.0459802337980423,0.9952345490455629,,High,,,,
0.6386083677725269,0.46002078,,0.0615461559551059,0.9952346682548524,,High,,,,
0.6386083677725269,0.46002078,,0.1016328436464421,0.9952341318130492,,High,,,,
0.6386083677725269,0.46002078,,0.0886778911410149,0.9952288866043092,,High,,,,
0.6357592801030216,0.46002078,,0.2307107872667112,0.9952271580696106,,High,,,,
0.6357592801030216,0.46002078,,0.0417550298250527,0.995228946208954,,High,,,,
0.632910396596015,0.46002078,,0.061946706429281,0.9952327013015748,,High,,,,
0.6329103149310155,0.46002078,,0.0700612906383985,0.9952296018600464,,High,,,,
0.6329103149310155,0.46002078,,0.0733237969014594,0.9952413439750672,,High,,,,
0.6329103149310155,0.46002078,,0.0877974736020392,0.9952276945114136,,High,,,,
0.6329103149310155,0.46002078,,0.0509115380143073,0.9952298998832704,,High,,,,
0.6329103149310155,0.46002078,,0.0718243872058994,0.9952446818351746,,High,,,,
0.6357592801030216,0.46002078,,0.1174913422374678,0.9952421188354492,,High,,,,
0.6357592801030216,0.46002078,,0.2607835032273061,0.9952406287193298,,High,,,,
0.6357592801030216,0.46002078,,0.5830053374154518,0.9952413439750672,,High,,,,
0.6386082861075275,0.46002078,,0.9969871269132242,0.995245099067688,,High,,,,
0.6414572921120333,0.46002078,,0.9691981475121808,0.9952470064163208,,High,,,,
0.6386082861075275,0.46002078,,0.9949940568442166,0.9952558279037476,,High,,,,
0.6414572921120333,0.46002078,,0.9999975338100984,0.9952649474143982,,High,,,,
0.6443062981165392,0.46002078,,0.9999993246890632,0.9952641129493712,,High,,,,
0.6471553857860445,0.46002078,,0.9999904567687964,0.9952711462974548,,High,,,,
0.647155304121045,0.46002078,,0.986119857461566,0.995285153388977,,High,,,,
0.6500043101255509,0.46002078,,0.9731702305329128,0.9953017830848694,,High,,,,
0.6526807171536468,0.46002078,,0.9961266906269556,0.9953097105026244,,High,,,,
0.6526806354886474,0.46002078,,0.9999854591478664,0.9953115582466124,,High,,,,
0.6526806354886474,0.46002078,,0.989779137259659,0.9953209757804872,,High,,,,
0.6498316703166412,0.46002078,,0.9493253627444604,0.9953199028968812,,High,,,,
0.6498316703166412,0.46002078,,0.8674131864637566,0.9953256845474244,,High,,,,
0.6526806354886474,0.46002078,,0.8906707974890199,0.9953320026397704,,High,,,,
0.6526806354886474,0.46002078,,0.9937654722188632,0.9953349828720092,,High,,,,
0.6555296006606535,0.46002078,,0.9911174331499488,0.9953405857086182,,High,,,,
0.6583787291626586,0.46002078,,0.9947267978092724,0.9953410625457764,,High,,,,
0.6612276943346647,0.46002078,,0.9440272520669808,0.9953452944755554,,High,,,,
0.6640767411716703,0.46002078,,0.9894823057505908,0.9953484535217284,,High,,,,
0.6669257880086759,0.46002078,,0.9696792986492928,0.9953635334968568,,High,,,,
0.6697748348456815,0.46002078,,0.9154591320049138,0.9953523278236388,,High,,,,
0.6726238000176876,0.46002078,,0.5966651477307588,0.9953547716140748,,High,,,,
0.6754726835246943,0.46002078,,0.2377627443916998,0.9953656196594238,,High,,,,
0.6783217303616998,0.46002078,,0.0955909725531981,0.9953692555427552,,High,,,,
0.6811706955337059,0.46002078,,0.1453377183003498,0.9953692555427552,,High,,,,
0.6840196607057121,0.46002078,,0.8325526598019422,0.9953641891479492,,High,,,,
0.6868687075427177,0.46002078,,0.9999972511800442,0.9953625202178956,,High,,,,
0.6868687075427177,0.46002078,,0.999999669735054,0.995352268218994,,High,,,,
0.6897177543797233,0.46002078,,0.9999950678774884,0.995367467403412,,High,,,,
0.6925668012167289,0.46002078,,0.8700496718047249,0.99533873796463,,High,,,,
0.6925668828817284,0.46002078,,0.1232602197348506,0.9953291416168212,,High,,,,
0.6925668012167289,0.46002078,,0.1982601825510444,0.995346188545227,,High,,,,
0.695415766388735,0.46002078,,0.9647771289079388,0.9953511953353882,,High,,,,
0.695415766388735,0.46002078,,0.9697214964880734,0.9953494668006896,,High,,,,
0.6954156847237355,0.46002078,,0.9468346142187316,0.9953633546829224,,High,,,,
0.6954156847237355,0.46002078,,0.2341817946714668,0.995348572731018,,High,,,,
0.695415766388735,0.46002078,,0.03828277673564,0.995333969593048,,High,,,,
0.695415766388735,0.46002078,,0.0428963731104917,0.9953538179397584,,High,,,,
0.6982648948907401,0.46002078,,0.0350915541422354,0.995366096496582,,High,,,,
0.7011137783977467,0.46002078,,0.0592455377461844,0.9953770637512208,,High,,,,
0.7039628252347523,0.46002078,,0.0624522719648907,0.9953792095184326,,High,,,,
0.7068118720717579,0.46002078,,0.0724155449158597,0.9953881502151488,,High,,,,
0.709660837243764,0.46002078,,0.0544882455652724,0.9953973293304444,,High,,,,
0.709660837243764,0.46002078,,0.1714595563689436,0.9953973293304444,,High,,,,
0.7125098840807697,0.46002078,,0.105368586383934,0.995398223400116,,High,,,,
0.7125098840807697,0.46002078,,0.0921072144254366,0.995402693748474,,High,,,,
0.7125098840807697,0.46002078,,0.0713918009890656,0.995394766330719,,High,,,,
0.7125098840807697,0.46002078,,0.1038586006189656,0.9953906536102296,,High,,,,
0.7125098840807697,0.46002078,,0.0556268257921125,0.99539053440094,,High,,,,
0.7125098840807697,0.46002078,,0.0506335907003936,0.995398759841919,,High,,,,
0.7125098840807697,0.46002078,,0.0267630186621477,0.9953852295875548,,High,,,,
0.7125098840807697,0.46002078,,0.023480345863925,0.9953771233558656,,High,,,,
0.7125098840807697,0.46002078,,0.0435683376885671,0.9953664541244508,,High,,,,
0.7125098840807697,0.46002078,,0.0326092622656878,0.9953463673591614,,High,,,,
0.7125098840807697,0.46002078,,0.0375108384883616,0.9953632354736328,,High,,,,
0.7125098840807697,0.46002078,,0.0472715299231938,0.9953629970550536,,High,,,,
0.7125098840807697,0.46002078,,0.0333811500335329,0.9953553080558776,,High,,,,
0.7125098840807697,0.46002078,,0.0307362022385448,0.995360255241394,,High,,,,
0.7125098840807697,0.46002078,,0.0253261342128213,0.9953616857528688,,High,,,,
0.7125098840807697,0.46002078,,0.0814123881504401,0.9953566193580629,,High,,,,
0.7125098840807697,0.46002078,,0.0440250437217817,0.9953526854515076,,High,,,,
0.7125098840807697,0.46002078,,0.0468715956460321,0.9953433871269226,,High,,,,
0.7125098840807697,0.46002078,,0.0619383844750506,0.9953417778015136,,High,,,,
0.7125098840807697,0.46002078,,0.0626038178978298,0.9953375458717346,,High,,,,
0.7125098840807697,0.46002078,,0.0617727287520783,0.9953329563140868,,High,,,,
0.7125098840807697,0.46002078,,0.0223103041460052,0.9953277707099916,,High,,,,
0.7125098840807697,0.46002078,,0.0127031975343858,0.9953140020370485,,High,,,,
0.7125098840807697,0.46002078,,0.13453043203539,0.9953153133392334,,High,,,,
0.7125098840807697,0.46002078,,0.0674446293217776,0.9953067898750304,,High,,,,
0.7125098840807697,0.46002078,,0.0478342667421279,0.9953030347824096,,High,,,,
0.7125098840807697,0.46002078,,0.0324944461811724,0.9952879548072816,,High,,,,
0.709660837243764,0.46002078,,0.0069218375560197,0.9953083395957948,,High,,,,
0.7068118720717579,0.46002078,,0.0105598697075313,0.9952682852745056,,High,,,,
0.7039628252347523,0.46002078,,0.0501751183487049,0.9952614307403564,,High,,,,
0.7011138600627462,0.46002078,,0.1828741384706214,0.9952538013458252,,High,,,,
0.6982648948907401,0.46002078,,0.0791534643761817,0.9952569603919984,,High,,,,
0.6954158480537345,0.46002078,,0.0147055523194872,0.995267927646637,,High,,,,
0.6954158480537345,0.46002078,,0.0166266139344475,0.9952624440193176,,High,,,,
0.695415766388735,0.46002078,,0.01713512924734,0.9952754378318788,,High,,,,
0.695415766388735,0.46002078,,0.0525306404859739,0.9952722787857056,,High,,,,
0.695415766388735,0.46002078,,0.0538882803856293,0.9952678084373474,,High,,,,
0.70499866408821,0.46002078,,0.0461940978213108,0.995274543762207,,High,,,,
0.7145816434526845,0.46002078,,0.0055739373570439,0.995275855064392,,High,,,,
0.724164622817159,0.46002078,,0.0211258026821349,0.9952829480171204,,High,,,,
0.730380799247898,0.46002078,,0.0097567957319642,0.9952840805053712,,High,,,,
0.7399637786123725,0.46002078,,0.0073084370368949,0.9952840805053712,,High,,,,
0.749546757976847,0.46002078,,0.0073986384817958,0.9952844381332396,,High,,,,
0.7591297373413215,0.46002078,,0.0117713936326876,0.9952847957611084,,High,,,,
0.7687127983707955,0.46002078,,0.0168834524470817,0.9952832460403442,,High,,,,
0.7782958594002695,0.46002078,,0.0110746878939379,0.9952711462974548,,High,,,,
0.7845117908360101,0.46002078,,0.0061447979436622,0.9952810406684875,,High,,,,
0.794094851865484,0.46002078,,0.0066081857120933,0.9952846765518188,,High,,,,
0.8036778312299585,0.46002078,,0.0109090168843355,0.995289981365204,,High,,,,
0.8132608922594325,0.46002078,,0.0736937365001498,0.9952643513679504,,High,,,,
0.8228437899589075,0.46002078,,0.019860826509781,0.9952737092971802,,High,,,,
0.8324268509883815,0.46002078,,0.0440679255457127,0.9952654242515564,,High,,,,
0.842009830352856,0.46002078,,0.0779093500816021,0.9952644109725952,,High,,,,
0.8515928913823301,0.46002078,,0.0037582529597721,0.9952629208564758,,High,,,,
0.8611758707468046,0.46002078,,0.0027537855621307,0.9952625036239624,,High,,,,
0.8707589317762785,0.46002078,,0.0033708479707348,0.9952630996704102,,High,,,,
0.880341911140753,0.46002078,,0.0104341260763126,0.9952642321586608,,High,,,,
0.8927739373422331,0.46002078,,0.0205524250849903,0.9952602982521056,,High,,,,
0.9052059635437132,0.46002078,,0.0087564048135315,0.9952642917633056,,High,,,,
0.9176379897451932,0.46002078,,0.007543840744484,0.9952601790428162,,High,,,,
0.930069934281674,0.46002078,,0.0794853844988876,0.9952544569969176,,High,,,,
0.9391349942194196,0.46002078,,0.1007440266215053,0.9952484369277954,,High,,,,
0.9515669387559,0.46002078,,0.0791169062990925,0.9952540397644044,,High,,,,
0.9611499181203746,0.46002078,,0.0244588645298519,0.9952498078346252,,High,,,,
0.9707328974848493,0.46002078,,0.0166513433965816,0.9952387809753418,,High,,,,
0.9803159585143232,0.46002078,,0.0164532775548945,0.9952278137207032,,High,,,,
0.9898990195437972,0.46002078,,0.0105477269556048,0.9952234625816344,,High,,,,
0.9898991012087968,0.46002078,,0.005677208405333,0.995233952999115,,High,,,,
0.989898856213798,0.46002078,,0.0143641931452667,0.9952402114868164,,High,,,,
0.9898990195437972,0.46002078,,0.0137991201307874,0.995225191116333,,High,,,,
0.9932659858075316,0.46002078,,0.0335709147432941,0.9952303171157836,,High,,,,
0.9932659858075316,0.46002078,,0.2291238936177801,0.9952430129051208,,High,,,,
0.9932659858075316,0.46002078,,0.3464916955964438,0.9952420592308044,,High,,,,
0.9932659858075316,0.46002078,,0.0153743934722784,0.9952391982078552,,High,,,,
0.993265904142532,0.46002078,,0.0148001878619867,0.9952364563941956,,High,,,,
0.9932659858075316,0.46002078,,0.0275824881911828,0.9952382445335388,,High,,,,
0.9966330337362656,0.46002078,,0.173236340309345,0.9952372312545776,,High,,,,
0.996632952071266,0.46002078,,0.030204792986434,0.9952362179756165,,High,,,,
0.996632952071266,0.46002078,,0.0109282501643681,0.9952404499053956,,High,,,,
0.996632952071266,0.46002078,,0.0103241974095796,0.9952468276023864,,High,,,,
0.996632952071266,0.46002078,,0.0320329349579356,0.9952525496482848,,High,,,,
0.996632952071266,0.46002078,,0.0735502096656531,0.995256245136261,,High,,,,
0.996632952071266,0.46002078,,0.0790735565801789,0.9952644109725952,,High,,,,
0.996632952071266,0.46002078,,0.0558198374365894,0.9952840805053712,,High,,,,
0.9966330337362656,0.46002078,,0.098365404826294,0.9952824711799622,,High,,,,
0.996632952071266,0.46002078,,0.1568730884929846,0.9952839612960817,,High,,,,
0.996632952071266,0.46002078,,0.0956245558265009,0.9952909350395204,,High,,,,
0.996632952071266,0.46002078,,0.0638818456052943,0.9952954649925232,,High,,,,
0.996632952071266,0.46002078,,0.0420865059168209,0.9953157305717468,,High,,,,
0.996632952071266,0.46002078,,0.0374727202360645,0.9953337907791138,,High,,,,
0.996632952071266,0.46002078,,0.0646491109962655,0.9953441619873048,,High,,,,
1.0,0.46002078,,0.0567164408372939,0.9953514337539672,,High,,,,
0.996632952071266,0.46002078,,0.0094409685429269,0.9953469038009644,,High,,,,
0.9624448800171956,0.46002078,,0.0121805524878668,0.9953523874282836,,High,,,,
0.9282568079631256,0.46002078,,0.1031896437337808,0.9953620433807372,,High,,,,
0.8945004170963288,0.46002078,,0.1618585781407781,0.9953603744506836,,High,,,,
0.8613484288907146,0.46002078,,0.0267474930733983,0.9953567385673524,,High,,,,
0.828196359020101,0.46002078,,0.0149824703797308,0.9953494071960448,,High,,,,
0.7958213316195797,0.46002078,,0.0178243912751255,0.995345652103424,,High,,,,
0.7634463042190583,0.46002078,,0.3191620089799951,0.9953436255455016,,High,,,,
0.7310713584835364,0.46002078,,0.1169477893257854,0.9953413009643556,,High,,,,
0.699646013362017,0.46002078,,0.0233686685762645,0.99532151222229,,High,,,,
0.6682206682404975,0.46002078,,0.0780230297551635,0.9953194260597228,,High,,,,
0.6367952006214788,0.46002078,,0.0684897230728476,0.9953173398971558,,High,,,,
0.6053698146674595,0.46002078,,0.0505263986701232,0.9953089952468872,,High,,,,
0.5739445103784399,0.46002078,,0.1236391224426154,0.9952970147132874,,High,,,,
0.5425190835919209,0.46002078,,0.0050675232832147,0.9952910542488098,,High,,,,
0.5110937384704014,0.46002078,,0.0055413649039562,0.9952986836433412,,High,,,,
0.4796683933488819,0.46002078,,0.007271122558585,0.9952986240386964,,High,,,,
0.4482430482273624,0.46002078,,0.0088357929781407,0.995288908481598,,High,,,,
0.4168177439383427,0.46002078,,0.0150932820571957,0.9952868223190308,,High,,,,
0.3853923579843235,0.46002078,,0.0612138423251351,0.9952942728996276,,High,,,,
0.3530173305838021,0.46002078,,0.0380764350537604,0.9952881336212158,,High,,,,
0.320642262350781,0.46002078,,0.0163886099589637,0.9952918887138368,,High,,,,
0.2892168968130116,0.46002078,,0.0111409172891361,0.9952746629714966,,High,,,,
0.2589138737794036,0.46002078,,0.0510847104919903,0.995273768901825,,High,,,,
0.2274885286578841,0.46002078,,0.0909248438654982,0.995281219482422,,High,,,,
0.1960631835363646,0.46002078,,0.3374506881329792,0.9952818155288696,,High,,,,
0.1646377975823454,0.46002078,,0.075422208364453,0.9952846765518188,,High,,,,
0.1314857583361066,0.46002078,,0.0613769181399047,0.9952619671821594,,High,,,,
0.1039454111944247,0.46002078,,0.0328967918602209,0.9952697157859802,,High,,,,
0.0780453872323827,0.46002078,,0.1065606062348222,0.9952723383903505,,High,,,,
0.0614693829214507,0.46002078,,0.0424180851768609,0.995280385017395,,High,,,,
0.0735560682563619,0.46002078,,0.0137161986364793,0.995288610458374,,High,,,,
0.0856427433831482,0.46002078,,0.0205378077061087,0.995285987854004,,High,,,,
0.0994561024265289,0.46002078,,0.0148664954106683,0.9952977299690248,,High,,,,
0.1126650996412267,0.46002078,,0.0151827326058752,0.995305836200714,,High,,,,
0.1258741478965492,0.46002078,,0.0203859693600456,0.9953070282936096,,High,,,,
0.1361478192022863,0.46002078,,0.1685073973349299,0.9953115582466124,,High,,,,
0.1464215007161484,0.46002078,,0.1674691495367892,0.995309591293335,,High,,,,
0.1566951618137606,0.46002078,,0.4493356955056169,0.9953083992004396,,High,,,,
0.164033517418662,0.46002078,,0.0417611455339128,0.99530291557312,,High,,,,
0.1733575166535222,0.46002078,,0.6990963585463789,0.9952951669692992,,High,,,,
0.187170865488778,0.46002078,,0.0995537607538772,0.99528706073761,,High,,,,
0.2009842143240337,0.46002078,,0.3055045008179988,0.995280146598816,,High,,,,
0.2147975427430396,0.46002078,,0.0912717854291911,0.9952712655067444,,High,,,,
0.2311145362999825,0.46002078,,0.9712319027933876,0.9952712655067444,,High,,,,
0.229387872799638,0.46002078,,0.7481300937822788,0.9952707290649414,,High,,,,
0.2276612297155434,0.46002078,,0.9696845159026036,0.9952734708786012,,High,,,,
0.2259345662151989,0.46002078,,0.9896455802526288,0.995276153087616,,High,,,,
0.2270568883031103,0.46002078,,0.9571070286768696,0.9952700734138488,,High,,,,
0.2270568883031103,0.46002078,,0.9787956933923826,0.9952778220176696,,High,,,,
0.229128851837524,0.46002078,,0.9890784721215377,0.9952903985977172,,High,,,,
0.2312008562044373,0.46002078,,0.9825590882298362,0.9952951073646544,,High,,,,
0.2312008562044373,0.46002078,,0.9911048373494474,0.9952924251556396,,High,,,,
0.2300785545327757,0.46002078,,0.9885491025588048,0.99528706073761,,High,,,,
0.2300785545327757,0.46002078,,0.9752045496790388,0.9953028559684752,,High,,,,
0.2300785341165258,0.46002078,,0.9914931990474708,0.9953154921531676,,High,,,,
0.2277475292037483,0.46002078,,0.99291624634606,0.9953192472457886,,High,,,,
0.227143228623815,0.46002078,,0.9966573481155264,0.9953029751777648,,High,,,,
0.2209271542743254,0.46002078,,0.9973497748080932,0.995308518409729,,High,,,,
0.2130707975776956,0.46002078,,0.997147756806393,0.9953144788742064,,High,,,,
0.1992574895749396,0.46002078,,0.9793303343780164,0.9953196048736572,,High,,,,
0.187602465011052,0.46002078,,0.9722840347828484,0.9953376054763794,,High,,,,
0.1765517818595974,0.46002078,,0.9889819220445522,0.9953302145004272,,High,,,,
0.1633427744367747,0.46002078,,0.9967469735658864,0.9953174591064452,,High,,,,
0.1495294460177688,0.46002078,,0.994588108635988,0.9953243136405944,,High,,,,
0.1357160971825131,0.46002078,,0.9778971542216456,0.9953445196151732,,High,,,,
0.1240610930348753,0.46002078,,0.9743734415722728,0.9953376650810242,,High,,,,
0.1130104200915457,0.46002078,,0.9925031574901184,0.9953348636627196,,High,,,,
0.1019597471482161,0.46002078,,0.9915139062322488,0.9953523874282836,,High,,,,
0.0918587564838883,0.46002078,,0.9957423979439172,0.9953545331954956,,High,,,,
0.0797720609408521,0.46002078,,0.9973856923244222,0.995351254940033,,High,,,,
0.0732970575023728,0.46002078,,0.9999862481859884,0.9953458905220032,,High,,,,
0.0668220336476437,0.46002078,,0.9696937969944776,0.9953296184539796,,High,,,,
0.0603470608335392,0.46002078,,0.8681571097227442,0.9953120350837708,,High,,,,
0.0533540563033316,0.46002078,,0.994376235512778,0.9953102469444276,,High,,,,
0.0562030520997125,0.46002078,,0.9968727547361432,0.995311677455902,,High,,,,
0.0590520478960934,0.46002078,,0.9999867259391438,0.9953124523162842,,High,,,,
0.0646637195844005,0.46002078,,0.9833377849135584,0.9953180551528932,,High,,,,
0.0690667288640913,0.46002078,,0.969722693098394,0.995307981967926,,High,,,,
0.0729517268439289,0.46002078,,0.994567007166041,0.995311677455902,,High,,,,
0.0773547463317447,0.46002078,,0.9813719525567984,0.9953147768974304,,High,,,,
0.0752827317567064,0.46002078,,0.982624872858716,0.99531888961792,,High,,,,
0.0743330494777046,0.46002078,,0.959911416076892,0.9953158497810364,,High,,,,
0.072002044564927,0.46002078,,0.9944529647089072,0.995328962802887,,High,,,,
0.0710523827021751,0.46002078,,0.9956896912033986,0.9953427910804749,,High,,,,
0.0701027208394231,0.46002078,,0.995328680848244,0.9953427910804749,,High,,,,
0.0714840638894486,0.46002078,,0.978501551582754,0.9953274726867676,,High,,,,
0.0749373908901376,0.46002078,,0.9328031125069114,0.995330810546875,,High,,,,
0.0749374010982625,0.46002078,,0.6862735221706286,0.9953346848487854,,High,,,,
0.0749373908901376,0.46002078,,0.9676977021064151,0.9953431487083436,,High,,,,
0.0749373908901376,0.46002078,,0.961411131307424,0.995359182357788,,High,,,,
0.0783907383070764,0.46002078,,0.9630422321827368,0.995369017124176,,High,,,,
0.080117401807421,0.46002078,,0.9787707502980536,0.995373547077179,,High,,,,
0.0818440755158904,0.46002078,,0.9792130250090528,0.9953806400299072,,High,,,,
0.0814123943286169,0.46002078,,0.96917971542343,0.9953775405883788,,High,,,,
0.0809807335575932,0.46002078,,0.9839993825309148,0.9953724145889282,,High,,,,
0.0805490421621947,0.46002078,,0.9889998409856106,0.9953532814979552,,High,,,,
0.0805490421621947,0.46002078,,0.9778978755149664,0.9953442215919496,,High,,,,
0.0799447211660116,0.46002078,,0.96972267529305,0.9953440427780152,,High,,,,
0.0827074072660626,0.46002078,,0.977469303426372,0.9953412413597108,,High,,,,
0.0854700627417389,0.46002078,,0.9696975351411156,0.99534010887146,,High,,,,
0.0854700627417389,0.46002078,,0.8234117269137569,0.9953469038009644,,High,,,,
0.0781317275530874,0.46002078,,0.8357478522917987,0.9953610897064208,,High,,,,
0.0707933923644358,0.46002078,,0.6342934108157386,0.9953675270080566,,High,,,,
0.0614693829214507,0.46002078,,0.9364442666876708,0.995355784893036,,High,,,,
0.0603470608335392,0.46002078,,0.9440461795150896,0.9953249096870422,,High,,,,
0.0592247183293778,0.46002078,,0.4602466550530804,0.9953209757804872,,High,,,,
0.0530087052286378,0.46002078,,0.8274047366039706,0.995343029499054,,High,,,,
0.0451523638441954,0.46002078,,0.5690980641699067,0.9953380823135376,,High,,,,
0.0395406921558884,0.46002078,,0.412650823389446,0.9953373074531556,,High,,,,
0.0330656836133467,0.46002078,,0.7756275463304378,0.9953336119651794,,High,,,,
0.0316843507714461,0.46002078,,0.930241694322368,0.9953301548957824,,High,,,,
0.0309073491338536,0.46002078,,0.9404144045861068,0.9953305125236512,,High,,,,
0.0304756883628299,0.46002078,,0.0407860918221623,0.9953075051307678,,High,,,,
0.0286626845417807,0.46002078,,0.005114782277848,0.9953019618988036,,High,,,,
0.0268496807207315,0.46002078,,0.0023776100009884,0.99530827999115,,High,,,,
0.0250366768996824,0.46002078,,0.0107487885732061,0.9953100085258484,,High,,,,
0.0215833396908684,0.46002078,,0.0061098296921404,0.9952982068061828,,High,,,,
0.0215833396908684,0.46002078,,0.0036536173724526,0.995307683944702,,High,,,,
0.021583334586806,0.46002078,,0.0021649556037953,0.995307207107544,,High,,,,
0.0250366768996824,0.46002078,,0.0030994254005885,0.995303511619568,,High,,,,
0.0239143446036459,0.46002078,,0.0028519605367604,0.9953038692474364,,High,,,,
0.0250366820037448,0.46002078,,0.016671688466312,0.9953085780143738,,High,,,,
0.0261590194038437,0.46002078,,0.0188286279932162,0.9953110814094543,,High,,,,
0.0313390201130022,0.46002078,,0.0086865943624066,0.9953084588050842,,High,,,,
0.0317706961962132,0.46002078,,0.0094420331387298,0.9953041076660156,,High,,,,
0.0345333618800144,0.46002078,,0.0031045535574211,0.9953121542930604,,High,,,,
0.0477423693028371,0.46002078,,0.0024104459744586,0.9953059554100036,,High,,,,
0.0593973785545373,0.46002078,,0.0028950017804546,0.9952993988990784,,High,,,,
0.0649227201302646,0.46002078,,0.0052554698028436,0.995290458202362,,High,,,,
0.0673400653637468,0.46002078,,0.0029698140625927,0.9952957034111024,,High,,,,
0.0611240522630068,0.46002078,,0.0047677291326272,0.9953102469444276,,High,,,,
0.0622463947671681,0.46002078,,0.0029683312870378,0.9953114986419678,,High,,,,
0.0594837290833669,0.46002078,,0.0031481372167836,0.9953280091285706,,High,,,,
0.0567210429833159,0.46002078,,0.0168682317837326,0.9953076243400574,,High,,,,
0.0539583772995147,0.46002078,,0.0028456429388821,0.9953128695487976,,High,,,,
0.0550807198036761,0.46002078,,0.0026993663816299,0.9953020215034484,,High,,,,
0.0574117247164536,0.46002078,,0.0038572818263231,0.995288074016571,,High,,,,
0.0574117145083287,0.46002078,,0.0038213211728949,0.9952844977378844,,High,,,,
0.0581887059377962,0.46002078,,0.0044323785775025,0.9952810406684875,,High,,,,
0.0574117145083287,0.46002078,,0.0026627626342647,0.9952776432037354,,High,,,,
0.0587930371421043,0.46002078,,0.0020684681596108,0.9952712655067444,,High,,,,
0.0595700591959467,0.46002078,,0.0021276566387562,0.995269775390625,,High,,,,
0.0613830528088709,0.46002078,,0.0020415158141897,0.9952723383903505,,High,,,,
0.0631960464217952,0.46002078,,0.0034019269837493,0.9952692985534668,,High,,,,
0.0650090502428444,0.46002078,,0.0029202999241342,0.995263397693634,,High,,,,
0.0668220642720185,0.46002078,,0.0038464908301641,0.995268702507019,,High,,,,
0.0682033869057941,0.46002078,,0.0088758961740253,0.9952732920646667,,High,,,,
0.0695847197476947,0.46002078,,0.0098910162329956,0.9952753186225892,,High,,,,
0.0709660423814704,0.46002078,,0.017192434496062,0.9952764511108398,,High,,,,
0.068894038014557,0.46002078,,0.0237827225782348,0.9952737092971802,,High,,,,
0.06794438635993,0.46002078,,0.0080981662274541,0.995270311832428,,High,,,,
0.0640593781719674,0.46002078,,0.0028466391065399,0.9952457547187804,,High,,,,
0.0601743699840049,0.46002078,,0.0028526416911995,0.995232105255127,,High,,,,
0.0549943590667215,0.46002078,,0.0075443127744892,0.995237112045288,,High,,,,
0.0555987004791545,0.46002078,,0.0045929080932111,0.9952498078346252,,High,,,,
0.0546490386164025,0.46002078,,0.0098413757442293,0.9952558875083924,,High,,,,
0.0422170379352348,0.46002078,,0.0157021497157327,0.9952585101127625,,High,,,,
0.0353103635176069,0.46002078,,0.0368490450571153,0.9952446222305298,,High,,,,
0.0322023569672369,0.46002078,,0.0377234479213771,0.9952449798583984,,High,,,,
0.0322023620712993,0.46002078,,0.030551525935707,0.9952415227890016,,High,,,,
0.0322023620712993,0.46002078,,0.0242979269841368,0.9952356219291688,,High,,,,
0.0349650277551005,0.46002078,,0.0453043450119486,0.9952352643013,,High,,,,
0.0353966936301866,0.46002078,,0.025406416348892,0.9952346682548524,,High,,,,
0.0358283646093352,0.46002078,,0.0384405620760217,0.9952346086502076,,High,,,,
0.0362600253803589,0.46002078,,0.024211364455092,0.995226502418518,,High,,,,
0.0341880108053206,0.46002078,,0.0216968581800224,0.9952328205108644,,High,,,,
0.0332383540466311,0.46002078,,0.0220194151814328,0.9952548742294312,,High,,,,
0.0355693538553461,0.46002078,,0.0174076593443078,0.9952400922775269,,High,,,,
0.0341880210134456,0.46002078,,0.145311708727041,0.9952345490455629,,High,,,,
0.033583684705075,0.46002078,,0.5931866302355532,0.995248317718506,,High,,,,
0.0322023569672369,0.46002078,,0.4187853207934884,0.995255708694458,,High,,,,
0.0308210190212738,0.46002078,,0.3647547205804085,0.9952574968338012,,High,,,,
0.0308210241253363,0.46002078,,0.0158000218887432,0.995250403881073,,High,,,,
0.0294396861793732,0.46002078,,0.0216669440405738,0.9952402114868164,,High,,,,
0.0280583533374726,0.46002078,,0.0385787344186375,0.9952425360679626,,High,,,,
0.0266770153915096,0.46002078,,0.0348481092191289,0.9952412247657776,,High,,,,
0.0252956774455465,0.46002078,,0.1139252172583693,0.9952357411384584,,High,,,,
0.0234826685204349,0.46002078,,0.0354649481062202,0.995227038860321,,High,,,,
0.0216696698034482,0.46002078,,0.0113071164513837,0.9952543377876282,,High,,,,
0.0208926732699181,0.46002078,,0.0086778595733968,0.9952136874198914,,High,,,,
0.0201156665282632,0.46002078,,0.0164046065877693,0.9952070116996764,,High,,,,
0.0211516687117198,0.46002078,,0.0304400838320598,0.9952228665351868,,High,,,,
0.0221876862073639,0.46002078,,0.0347292169809234,0.9952168464660645,,High,,,,
0.0232236730786332,0.46002078,,0.0521940557764488,0.9952201247215272,,High,,,,
0.0221876708951765,0.46002078,,0.0790995332689228,0.9952162504196168,,High,,,,
0.0203746721781898,0.46002078,,0.0594381799354138,0.9952244758605956,,High,,,,
0.0185616683571406,0.46002078,,0.1601534817661946,0.9952245354652404,,High,,,,
0.0151946663649689,0.46002078,,0.0779600465030926,0.9952239990234376,,High,,,,
0.0110506678392671,0.46002078,,0.1051670627136096,0.995216190814972,,High,,,,
0.0069066642095029,0.46002078,,0.0645990451974235,0.9952161312103271,,High,,,,
0.0048346674986832,0.46002078,,0.1254348979321498,0.9952142238616944,,High,,,,
0.0,0.46002078,,0.1672633455912321,0.9952134490013124,,High,,,,
0.0047483348340723,0.46002078,,0.1968330894054227,0.9952120184898376,,High,,,,
0.0043166689589861,0.46002078,,0.160974535603919,0.9952173829078674,,High,,,,
0.0038850005318688,0.46002078,,0.2697593312420249,0.9952211976051332,,High,,,,
0.0048346700507145,0.46002078,,0.0976210844598344,0.995211899280548,,High,,,,
0.0048346726027457,0.46002078,,0.0865838875692389,0.9951940774917604,,High,,,,
0.0038850030839,0.46002078,,0.2149103020018996,0.9952136278152466,,High,,,,
0.0044893342882081,0.46002078,,0.1565657550145237,0.99521803855896,,High,,,,
0.0050936705965786,0.46002078,,0.1930078345101102,0.9952059984207152,,High,,,,
0.0056980018008867,0.46002078,,0.122866287782492,0.995207130908966,,High,,,,
0.0104463417390215,0.46002078,,0.1205655047760833,0.995212733745575,,High,,,,
0.0138133539393182,0.46002078,,0.0690611247239045,0.9952154159545898,,High,,,,
0.0161443486439708,0.46002078,,0.0991726321998325,0.995208501815796,,High,,,,
0.0184753484526858,0.46002078,,0.0508264319747922,0.9952107071876526,,High,,,,
0.0208063482614009,0.46002078,,0.0836256917413645,0.995218813419342,,High,,,,
0.0208063533654633,0.46002078,,0.0757158788167191,0.9952185750007628,,High,,,,
0.0212380192405494,0.46002078,,0.0965471925758493,0.995201051235199,,High,,,,
0.0264180301578328,0.46002078,,0.0594726861795251,0.9952014684677124,,High,,,,
0.0305620286835346,0.46002078,,0.1041708705888884,0.995204508304596,,High,,,,
0.0334110244799155,0.46002078,,0.0560727850877176,0.995206356048584,,High,,,,
0.0362600406925463,0.46002078,,0.0913099159690616,0.9952020049095154,,High,,,,
0.0404040443223105,0.46002078,,0.0141248342914019,0.9951974749565125,,High,,,,
0.0421307129267175,0.46002078,,0.0124390704570306,0.995202898979187,,High,,,,
0.0448933837145811,0.46002078,,0.0138807568753121,0.9952033758163452,,High,,,,
0.0487783816944187,0.46002078,,0.0179057345059972,0.9952020645141602,,High,,,,
0.0515410524822824,0.46002078,,0.1856731257619632,0.9952046871185304,,High,,,,
0.0524907143450344,0.46002078,,0.055197460380825,0.9952086210250854,,High,,,,
0.0532677159826269,0.46002078,,0.0352764935459183,0.9952127933502196,,High,,,,
0.0540447074120945,0.46002078,,0.0868890136129603,0.9952270984649658,,High,,,,
0.0561167117790078,0.46002078,,0.0596092106368884,0.9952284097671508,,High,,,,
0.0553397203495402,0.46002078,,0.0203831708856008,0.9952226281166076,,High,,,,
0.051972713253306,0.46002078,,0.021051578119277,0.9952301383018494,,High,,,,
0.0537857068662303,0.46002078,,0.0992882200008033,0.9952402114868164,,High,,,,
0.0555987106872795,0.46002078,,0.1482067725034029,0.9952438473701476,,High,,,,
0.0546490386164025,0.46002078,,0.0811730074862336,0.9952272176742554,,High,,,,
0.053267705774502,0.46002078,,0.044643887295669,0.995239555835724,,High,,,,
0.0518863729326014,0.46002078,,0.0811022611170694,0.9952526092529296,,High,,,,
0.0512820315201683,0.46002078,,0.7248583592815522,0.9952483773231506,,High,,,,
0.0512820315201683,0.46002078,,0.8141701367786635,0.9952563047409058,,High,,,,
0.0512820213120434,0.46002078,,0.9513568278002656,0.995261549949646,,High,,,,
0.0471380176822792,0.46002078,,0.969688082066204,0.9952690005302428,,High,,,,
0.0437710207941699,0.46002078,,0.9953188924038112,0.9952810406684875,,High,,,,
0.042821348723293,0.46002078,,0.9970269687829072,0.995288074016571,,High,,,,
0.041871686860541,0.46002078,,0.9362053563137755,0.9952930808067322,,High,,,,
0.0409220198937265,0.46002078,,0.9267929970329764,0.995286226272583,,High,,,,
0.0423033578396896,0.46002078,,0.9974725777495712,0.9952808022499084,,High,,,,
0.0436847008897151,0.46002078,,0.9999988362927436,0.9952743649482728,,High,,,,
0.0403176937934809,0.46002078,,0.9999956586369776,0.9952735900878906,,High,,,,
0.0369506815931843,0.46002078,,0.9999857425528108,0.995278537273407,,High,,,,
0.03824569453063,0.46002078,,0.9950479536093408,0.9952712655067444,,High,,,,
0.0347923573218161,0.46002078,,0.9847981520178266,0.9952648878097534,,High,,,,
0.0306483485879894,0.46002078,,0.9999891121643364,0.9952726364135742,,High,,,,
0.0289216799835824,0.46002078,,0.9941890896724892,0.9952580332756042,,High,,,,
0.0300440071755564,0.46002078,,0.990842510100961,0.9952923655509948,,High,,,,
0.0313390150089397,0.46002078,,0.9999921268076571,0.995280385017395,,High,,,,
0.0337563602424219,0.46002078,,0.999986062044203,0.995274782180786,,High,,,,
0.0361736901637167,0.46002078,,0.99555465252401,0.9952545762062072,,High,,,,
0.0395407074680758,0.46002078,,0.9958123893927422,0.9952545166015624,,High,,,,
0.0429077043561851,0.46002078,,0.999991402609395,0.99525648355484,,High,,,,
0.0408357050933342,0.46002078,,0.9999847134467436,0.995259702205658,,High,,,,
0.0397996978058151,0.46002078,,0.991803221232842,0.9952650666236876,,High,,,,
0.0379866939847659,0.46002078,,0.9973786653231296,0.995263397693634,,High,,,,
0.0400587085598042,0.46002078,,0.9999991095727948,0.9952567219734192,,High,,,,
0.0410083704225561,0.46002078,,0.999995506069617,0.9952550530433656,,High,,,,
