video_id,timestamp,brightness,contrast,motion,flicker
book store.mp4,00:00:00,100.47752144472057,54.675060298325285,20.23812837021443,0.8666662379701151
book store.mp4,00:00:02,102.8630497373739,57.54162365698038,21.88811827935714,0.7983672926955384
celebration.MOV,00:00:00,162.4774688239455,61.89450301728542,12.378198482510289,0.1809527199074076
celebration.MOV,00:00:02,161.15513331404318,63.24356465744332,12.841067036394033,0.21649312307098814
celebration.MOV,00:00:04,160.12828031121398,63.75915934755675,14.829412715406379,0.31693956082818925
celebration.MOV,00:00:06,154.73382238618825,64.97543708626331,16.885090309927985,0.43130747813786097
celebration.MOV,00:00:08,150.97086526491768,66.02169320666198,18.94888926826132,0.44688650334362234
celebration.MOV,00:00:10,152.60964955954216,65.40611888835066,19.514912464634776,0.43351814879115275
celebration.MOV,00:00:12,152.3820140303498,64.88213927019034,19.113422305812755,0.4467490033436216
celebration.MOV,00:00:14,149.41211956018518,64.13037955885429,18.84240752957819,0.5007668402777778
celebration.MOV,00:00:16,148.0887015367798,64.0338720421365,19.267591901363165,0.5715703993055548
celebration.MOV,00:00:18,147.99076213991768,64.88636255458124,19.263565088091564,0.5621419142232509
celebration.MOV,00:00:20,146.85383012795782,64.63410350786091,18.73682942065329,0.5543263535236617
celebration.MOV,00:00:22,149.98062993827162,65.06082900184062,17.30053454218107,0.5904314557613172
concert 2.mp4,00:00:00,67.26147773576277,31.56707605481784,16.25933539182124,10.269132650651233
concert 2.mp4,00:00:02,74.96353749157835,31.1306020862868,12.719803648098011,7.162435777912027
concert 3.mp4,00:00:00,123.07160180490607,75.92183946165777,24.821541094429406,2.4189983755845423
concert 3.mp4,00:00:02,126.60812058413322,73.64141600787843,24.21196198211502,3.403800328164739
concert 3.mp4,00:00:04,113.79587508409222,66.49727848820451,21.933786840593978,3.674263565509886
concert 3.mp4,00:00:06,111.20221745836407,63.826053709279904,18.610677807859545,4.326127508409221
concert.mp4,00:00:00,99.67648750134106,62.92892509057787,12.85804596830686,7.614227771572097
concert.mp4,00:00:02,87.44385972219591,54.659068655545944,15.301789160466242,6.8265577096625565
conncert 4.mp4,00:00:00,50.781144146248614,43.047985164557204,9.3504338042751,3.42939920317691
conncert 4.mp4,00:00:02,53.975471579832266,46.54974716681824,12.815747086534467,4.347910664538344
crowd dancing.mp4,00:00:00,101.61119588805857,58.389395518098524,15.849432247392931,0.400528835266862
crowd dancing.mp4,00:00:02,103.79173516394349,60.71839622427655,18.671669620668432,0.3618286432204571
crowd dancing.mp4,00:00:04,100.7335641773214,58.43127722629882,15.057597042949876,0.28361264617591053
crowd noise.mp4,00:00:00,115.99961156328386,50.712561339501804,5.923859112986575,0.2137137136810201
crowd noise.mp4,00:00:02,107.57625245682948,56.82088713995462,7.241133262495356,0.38570828543060215
crowd noise.mp4,00:00:04,108.5046664409432,60.95879657288585,9.12423782762565,0.42531346894161104
crowd noise.mp4,00:00:06,116.63496560075832,60.390266393679646,10.233778465835192,0.3544798924656265
crowd noise.mp4,00:00:08,116.02946927039785,56.244560591321395,8.85501826835981,0.21664950877926437
crowd noise.mp4,00:00:10,117.75393647226866,53.0615597805686,8.069788291701505,0.15606580674005974
crowd noise.mp4,00:00:12,122.93442929339118,53.1960120052255,10.051043481164067,0.19446227732487933
crowd noise.mp4,00:00:14,128.0904392426433,54.20155168184073,12.02636297423704,0.2778671490326547
crowd noise.mp4,00:00:16,116.71717553883316,54.263161729556906,11.506614721235136,0.32086016612086543
crowd noise.mp4,00:00:18,110.08693766548217,55.45835283779285,10.789824527214558,0.4031811659524803
crowd noise.mp4,00:00:20,109.59713604811174,52.08548329502175,9.852076358405332,0.41461660395763655
crowd noise.mp4,00:00:22,115.31739999941937,44.914023071333446,14.581369695135406,1.9981353099742196
crowd noise.mp4,00:00:24,119.44289609389517,47.137242774223346,19.520841944937985,3.0434222473348655
crowd noise.mp4,00:00:26,119.8232619909246,53.37673453566359,21.78339985643697,3.2745834385741817
dhol music.mp4,00:00:00,53.10272191332962,44.01947320756171,12.790347712504435,0.735424679409536
dhol music.mp4,00:00:02,46.67252759200079,38.67969149002208,11.879615504621114,0.6549765988825601
dussehra.mp4,00:00:00,46.930991057510866,51.950197552963004,7.013346696930747,3.500276916345338
firecracker 2.mp4,00:00:00,48.267735077562946,57.14274213592161,11.845197373351319,8.457488993180457
firecracker 2.mp4,00:00:02,42.994695798049065,54.94940220533793,10.112936166691647,7.721206487934652
firecracker.mp4,00:00:00,77.2454904441551,60.00142363808789,7.520913664641205,1.1738841507523157
firecracker.mp4,00:00:02,70.29875230034722,53.375641309225465,8.299161407696758,1.241801280381945
ganesh chaturthi 2.mp4,00:00:00,79.10962953043709,52.66221182506693,2.7471935277603587,0.18920929646855253
ganesh chaturthi.mp4,00:00:00,106.03716955824973,51.0279031544822,3.665686112272389,0.13705234171776312
ganesh chaturthi.mp4,00:00:02,103.76043799426908,45.91990151220773,3.8981449522133964,0.12042571737969156
ganesh chaturthi.mp4,00:00:04,98.22763742640399,42.891746327594184,3.3633521170104057,0.1662959213001671
ganesh chaturthi.mp4,00:00:06,87.18122769619798,41.33719809162334,3.6745014378077387,0.20336670194049628
ganesh chaturthi.mp4,00:00:08,79.76375258021531,41.42328654585908,2.846911181078131,0.1661403898411374
ganesh chaturthi.mp4,00:00:10,82.19624465449067,42.28136057458341,2.2723222155448717,0.11497530106140853
ganesh chaturthi.mp4,00:00:12,83.02136267665945,40.652027617762094,3.349124087670708,0.15840807973917692
ganesh chaturthi.mp4,00:00:14,88.14755892035951,44.916461738108545,5.743757628147065,0.24829335632664454
ganesh chaturthi.mp4,00:00:16,96.4666583490106,46.5342911485135,8.800503356094389,0.3160305183946489
ganesh chaturthi.mp4,00:00:18,107.59005513531795,47.84134149201838,9.345263461393301,0.22690880408653855
ganesh chaturthi.mp4,00:00:20,108.14773543466649,47.41947281001236,10.224795618642002,0.28087595587722985
ganesh chaturthi.mp4,00:00:22,106.61559931760382,50.81343244185759,11.41479517227564,0.29897595573207025
ganesh chaturthi.mp4,00:00:24,106.45034832543664,50.13068900338083,11.60765956327225,0.26057711541364764
ganesh chaturthi.mp4,00:00:26,102.69696396480745,46.34921546481547,11.181649124105814,0.2432795806623932
ganesh chaturthi.mp4,00:00:28,107.2298431911348,46.80356343491255,11.653910514068887,0.3945954795789205
ganesh chaturthi.mp4,00:00:30,98.65985528294546,44.86786152746345,10.523330687796127,0.5535148447661187
ganesh chaturthi.mp4,00:00:32,95.86795081913671,41.638216705725455,5.6881107416794405,0.4368943389132756
ganesh chaturthi.mp4,00:00:34,98.75871696526036,45.284244384523554,4.292171031621609,0.19776621580035275
ganesh chaturthi.mp4,00:00:36,98.60097933868101,45.413892961722766,4.324675263029542,0.19354594162253796
IMG_0545.mov,00:00:00,124.69578375450102,55.60916046400348,13.449663911394033,0.10783514981995788
IMG_0545.mov,00:00:02,124.50070414737652,55.73190458424024,13.318725344007202,0.09983576067386783
IMG_0545.mov,00:00:04,124.090410471322,55.79089745262416,14.65218880529835,0.10850311856995859
IMG_0545.mov,00:00:06,122.50642077224795,55.88027647078954,17.04233522698045,0.11132956854423867
IMG_0545.mov,00:00:08,122.29248735210905,55.964986287295154,21.311236082175924,0.12100570666152247
IMG_0559.MOV,00:00:00,140.91671375385803,58.27836778155055,5.978225462962963,0.03294385288065769
IMG_0568.MOV,00:00:00,164.99435262024178,40.845963110268116,12.540735725308645,0.21995634002057596
IMG_0568.MOV,00:00:02,164.6362721707819,41.1421224982545,12.27034274369856,0.22510093557098743
IMG_1275.MOV,00:00:00,143.89297710583847,68.21539595199513,29.807358166152262,1.4365117991255139
IMG_1275.MOV,00:00:02,139.18411233924897,67.97179407947387,30.206900086805557,1.4436805587705757
IMG_1275.MOV,00:00:04,135.4183668595679,66.55664187284536,23.43944224537037,0.7566687049897121
IMG_1275.MOV,00:00:06,135.12345646219137,69.99359040143855,20.699116216563787,0.8783979166666666
IMG_1275.MOV,00:00:08,129.2787245884774,71.60368428006123,22.262500215406373,1.687672784850823
IMG_1275.MOV,00:00:10,122.66168904642487,72.04104335160473,20.08934933127572,1.626053922325103
IMG_2148.MOV,00:00:00,150.82864786522632,54.60078124619542,11.434571138760287,0.7041234085648144
IMG_2149.MOV,00:00:00,169.8974996238426,66.13875530069434,20.31408627186214,1.422540496399177
mela.mp4,00:00:00,113.43142900319963,42.19573857148033,13.951346404134874,0.8848259020428252
mela.mp4,00:00:02,110.52631637706129,43.241833941361676,14.191480157519074,0.9307921929608662
mela.mp4,00:00:04,109.73604451882845,43.64029654804387,13.258456450898349,0.8075931479202559
mela.mp4,00:00:06,111.00901142013291,41.68035531041432,11.837001201082943,0.6978707851341376
mela.mp4,00:00:08,111.70535161210928,42.04416819442609,11.638608269751415,0.48710975141521057
mela.mp4,00:00:10,111.89233883337435,42.191595905856055,11.59367413241447,0.4995187989170563
mela.mp4,00:00:12,110.88030550824513,42.96838464076698,13.51615991139552,1.4369562293871525
mela.mp4,00:00:14,107.43402696529658,46.641415911901525,17.063020388875216,2.277968240216589
mela.mp4,00:00:16,102.12844913610633,51.23630446367363,19.254310125523013,2.9070631257691364
mela.mp4,00:00:18,101.041725788826,50.31667826853774,14.011256185084912,1.2667198720157522
mela.mp4,00:00:20,108.56484837804578,44.506643426850104,11.56151339404381,0.6684031602264338
mela.mp4,00:00:22,106.72607994093035,43.23767415871477,9.908284843711543,0.3070400098449422
mela.mp4,00:00:24,112.49354333251293,39.660686908665994,10.436586650258429,0.3612537632291412
morning nature.mp4,00:00:00,25.236290840038844,30.577477858944455,4.360290324119035,0.28573380560950795
morning nature.mp4,00:00:02,32.98022986612097,36.88407321262598,5.668230575691362,0.42466555534359984
morning nature.mp4,00:00:04,43.77609829862075,48.46131296876728,5.911744130508925,0.4019839248346745
morning nature.mp4,00:00:06,52.24889960590662,57.1197305126598,5.9982185231108955,0.6506329411186645
morning nature.mp4,00:00:08,66.9004571743202,62.0839924774285,5.300273675950333,0.6603064375809279
morning nature.mp4,00:00:10,87.26109384754785,68.63572837968434,4.274970482739086,0.6346510604536618
morning nature.mp4,00:00:12,96.1694534646111,69.11153504051839,3.193883803152747,0.3986971760254805
morning nature.mp4,00:00:14,93.00519223793586,66.85041347740261,2.5224107545435626,0.3473092325078614
music and crowd.mp4,00:00:00,123.41638146396554,61.883476873246,10.620827791858279,0.3308807098604144
music and crowd.mp4,00:00:02,124.42041267114338,61.09498930244214,8.51290371115524,0.24683194560572294
music and crowd.mp4,00:00:04,124.64783416509894,57.58380601568741,6.349093908949972,0.2636995097953828
music and crowd.mp4,00:00:06,128.64275849692842,56.772680153140065,6.481339414802815,0.260480526088118
music and crowd.mp4,00:00:08,131.5847562621934,60.441766924872525,6.706552850502834,0.22950982078572119
music and crowd.mp4,00:00:10,127.60411099062848,62.62436747248435,9.430338545295662,0.28424817026082333
music and crowd.mp4,00:00:12,118.7247237064811,56.97870493369439,12.057868099829292,0.3167676434469066
music and crowd.mp4,00:00:14,110.27014054008151,51.6223689422124,17.384750673541433,0.3389419157608696
music and crowd.mp4,00:00:16,120.9671698485693,56.98559253189464,14.96701543846967,0.35272807143603707
music and crowd.mp4,00:00:18,128.75536253658026,61.826385607795544,11.34152265000813,0.3410344776279731
nature.mp4,00:00:00,129.79797015554723,63.23021726404885,2.2055718685128594,0.05480377992401776
nature.mp4,00:00:02,126.39392467458947,65.40931327819544,2.8037909178500615,0.05488364765010232
nature.mp4,00:00:04,123.42884457884318,66.6070327915101,3.284188654101204,0.04953041346375599
nature.mp4,00:00:06,123.75307069271855,65.62619208318867,3.4050535695077757,0.05280267711003921
nature.mp4,00:00:08,125.26665920864917,64.86522677066729,3.758491111438549,0.051042511635269565
nature.mp4,00:00:10,127.6201176899762,63.920934266925464,3.633528234033871,0.06173538716033993
nature.mp4,00:00:12,128.89098130760803,62.2093496296684,3.3148583633941167,0.0680703125693069
nature.mp4,00:00:14,128.79970193111654,62.93055046260196,3.0715461917016715,0.06050406922555713
people laughing.mp4,00:00:00,109.28503293258588,68.92406520975685,6.174843511503193,0.08174378852360649
people laughing.mp4,00:00:02,105.14901734763878,68.28152582267204,5.765750511220637,0.17956970806534306
people laughing.mp4,00:00:04,98.74005359988175,66.82320552388651,4.785521851041084,0.2006704218080026
people laughing.mp4,00:00:06,93.71678593327623,65.87996391770665,7.857301324877075,0.22635687387851933
people laughing.mp4,00:00:08,93.82248572478268,65.61371468360366,8.197651279799356,0.18447556918810692
people laughing.mp4,00:00:10,93.26659752079837,64.88549641983649,6.6713885757480424,0.15454208977092757
people laughing.mp4,00:00:12,93.6415391892128,64.54128824503411,4.88920259411703,0.12483236041200621
people shouting.mp4,00:00:00,133.74528900951665,59.7069430204414,2.829166706585609,0.11472170327596522
people shouting.mp4,00:00:02,134.89700836555883,59.975129042644824,3.680711210400409,0.1329259568933478
people shouting.mp4,00:00:04,135.27668442696722,60.54025345954806,3.828672484671126,0.12697385381828322
people shouting.mp4,00:00:06,134.85890267906913,60.761183687292124,4.335065187633547,0.11679991246864573
people shouting.mp4,00:00:08,133.84950758532494,61.10563389825821,5.367765849271878,0.10659155010335361
people shouting.mp4,00:00:10,133.4727760249733,61.52863644744174,5.2695604525211355,0.10273147543315635
Rain.mp4,00:00:00,111.26560083556012,48.617514478033776,25.577139504489807,0.5814032432005551
Rain.mp4,00:00:02,112.17139022236721,49.65409490016062,24.383542958069228,0.5150988813023034
restaurant.mp4,00:00:00,93.29688322076356,58.708277952096374,13.375393476238795,0.1598152164721797
Temple Gathering.mp4,00:00:00,106.59337975416959,61.842800882780324,7.472244987170467,0.16255129226503337
Temple Gathering.mp4,00:00:02,107.45811088578957,61.77070924820377,13.91516272296486,0.3369048321124592
Temple Gathering.mp4,00:00:04,104.27804009056545,59.698947955309485,21.258562876781305,0.4898180154920065
Temple Gathering.mp4,00:00:06,100.22299252300348,57.341160945083274,25.807264395287557,0.714995551049125
Temple Gathering.mp4,00:00:08,96.82765058319193,57.288217651222176,20.95718913386859,0.7821537836775236
Temple Gathering.mp4,00:00:10,98.788579905227,60.22764142277047,16.467510320531396,0.5631188956255432
Temple Gathering.mp4,00:00:12,101.51293166894288,61.68484405131773,9.675445343431416,0.343156358206073
Temple Gathering.mp4,00:00:14,103.695375755287,62.51705605323203,6.709249015367849,0.17928124439570117
Temple Gathering.mp4,00:00:16,103.6419268009629,62.64733845442514,6.377776869594007,0.15155168370373417
Temple Gathering.mp4,00:00:18,105.19193400895308,63.115136809767826,7.28063319089793,0.2180593521085956
Temple Gathering.mp4,00:00:20,107.27434653016319,62.21752633009266,10.08984158803405,0.3701633782366983
Temple Gathering.mp4,00:00:22,110.29077334147247,61.2446953859798,15.344680149746859,0.46536828863689655
Temple Gathering.mp4,00:00:24,108.94712751245017,60.69852084422404,15.444355833298847,0.4990676688876934
Temple Gathering.mp4,00:00:26,101.6087598463215,60.76466000060611,11.977364367352287,0.39463736739367317
Temple Gathering.mp4,00:00:28,99.16352460373297,60.1001659294615,7.269926609554553,0.294946078025631
Temple Gathering.mp4,00:00:30,106.98571962642609,60.777341487380205,9.018495444136352,0.3502542109837351
Temple Gathering.mp4,00:00:32,112.94605481521333,60.49126711466493,10.323071371173558,0.39130943143097513
Temple Gathering.mp4,00:00:34,107.73565140917934,57.1761240346554,12.532215327497964,0.3981751627833186
Temple Gathering.mp4,00:00:36,106.11067004131661,54.67249362084195,14.26835292251238,0.36457134875636305
Temple Gathering.mp4,00:00:38,105.9413283653382,53.672630447602586,15.490225206583066,0.2712787629847289
Temple Gathering.mp4,00:00:40,107.60242967036378,54.876314157059724,19.516123403206002,0.48861993716288016
Temple Gathering.mp4,00:00:42,103.67254996447737,61.1361150382,18.82680035936487,0.5182582529763138
Temple Gathering.mp4,00:00:44,98.12857664611182,64.65636748806565,17.4043912265999,0.5135194391562863
Temple Gathering.mp4,00:00:46,95.84393140683414,62.35890890807094,12.656350687690546,0.3589252334837017
Temple Gathering.mp4,00:00:48,97.17104975410062,60.05066181921887,10.683991743574888,0.3783600097945902
Temple Gathering.mp4,00:00:50,99.37024065720315,60.740385093985616,10.466030397715516,0.42523676006014727
Temple Gathering.mp4,00:00:52,105.61350696312546,62.37741394658043,11.314624261956988,0.44336731262674345
tug of war 2.mp4,00:00:00,127.49503028033257,63.67604213883461,3.364101039924749,0.11477101042827934
tug of war 2.mp4,00:00:02,125.57050643711098,63.23212048949655,4.6705778520995915,0.1484767294337608
tug of war 2.mp4,00:00:04,124.85264938757084,62.58925342452301,6.5798732319537345,0.14409401419082124
tug of war 2.mp4,00:00:06,124.14391476725078,61.524860931173045,7.681294600346061,0.1617744042642139
tug of war 2.mp4,00:00:08,122.89001272325577,61.68805779066909,7.852930054028475,0.15397913110251768
tug of war 2.mp4,00:00:10,127.39923965301001,63.050931192771216,13.019905221542874,0.29189055750069665
tug of war 2.mp4,00:00:12,130.81604097715766,61.99902805883626,18.195695275484255,0.4258668108103403
tug of war 2.mp4,00:00:14,125.63974160468342,60.433416398272705,14.282313658375138,0.35189093128716137
tug of war 2.mp4,00:00:16,119.37525869652312,62.39757102624996,11.998410776082311,0.2813446877322558
tug of war 2.mp4,00:00:18,126.27735693776711,64.15661856623139,12.747885689567077,0.2998898454919175
tug of war 3.mp4,00:00:00,136.6246080431589,60.789765483460705,6.054615529775177,0.15181028050678166
tug of war 3.mp4,00:00:02,136.99112725287998,59.974364979007014,7.557047888941146,0.14734597457381052
tug of war 3.mp4,00:00:04,139.44233603475706,60.09970144985651,7.640296532422892,0.12855739473011854
tug of war 3.mp4,00:00:06,139.69049848235437,60.73082644125475,4.675206097872538,0.10202797664669294
tug of war 3.mp4,00:00:08,139.25649743938126,60.86416169695793,3.3092049090138422,0.09941355444072826
tug of war 3.mp4,00:00:10,138.27831820042502,60.66215096091149,4.991468095329338,0.11801754546404701
tug of war 3.mp4,00:00:12,130.78034492143954,59.22464001241082,8.45724483085981,0.15093649839743647
tug of war 3.mp4,00:00:14,123.06166252598359,57.51802202929686,12.300681296596293,0.18181683810038107
tug of war 3.mp4,00:00:16,120.47489866032029,56.34242890302944,12.655702105252463,0.18158382760242503
tug of war 3.mp4,00:00:18,120.87402417781495,57.358593775436205,12.362427975340255,0.18973261203432767
tug of war 3.mp4,00:00:20,123.61759534095131,60.4420520921039,12.32652386209239,0.2895163384603775
tug of war 3.mp4,00:00:22,123.72593673428212,61.262206206987834,15.049532922966602,0.3409197142964976
tug of war.mp4,00:00:00,129.53656829187568,63.73374510400544,4.369503343030007,0.1831133872166483
tug of war.mp4,00:00:02,127.74418664428303,65.46838078711485,8.171617228870542,0.21312651329083018
tug of war.mp4,00:00:04,120.91937835319116,63.67053942996176,13.036367662898318,0.2385706587061035
tug of war.mp4,00:00:06,117.91620246379716,61.41911988621691,17.40658799005946,0.3125177675585283
tug of war.mp4,00:00:08,123.41311228400224,62.40486886870793,12.335422505719295,0.2545681967960332
tug of war.mp4,00:00:10,129.42654512800192,64.14045121634543,10.655367149032655,0.19777755640909556
tug of war.mp4,00:00:12,134.4246675550446,65.9342442122007,9.898958300672378,0.24884791390863148
tug of war.mp4,00:00:14,139.27801442815752,68.5773526269924,9.128412245825206,0.2621041165865389
tug of war.mp4,00:00:16,138.37043034434808,72.92740946691973,3.8850519635765046,0.13372462969737053
windy weather.mp4,00:00:00,116.87997580339383,74.77747095845048,13.560212298195317,0.548586884940565
